-- phpMyAdmin SQL Dump
-- version 4.7.7
-- https://www.phpmyadmin.net/
--
-- Host: localhost:3306
-- Generation Time: Jul 24, 2018 at 06:11 PM
-- Server version: 5.6.32-78.1
-- PHP Version: 5.6.30

SET SQL_MODE = "NO_AUTO_VALUE_ON_ZERO";
SET AUTOCOMMIT = 0;
START TRANSACTION;
SET time_zone = "+00:00";


/*!40101 SET @OLD_CHARACTER_SET_CLIENT=@@CHARACTER_SET_CLIENT */;
/*!40101 SET @OLD_CHARACTER_SET_RESULTS=@@CHARACTER_SET_RESULTS */;
/*!40101 SET @OLD_COLLATION_CONNECTION=@@COLLATION_CONNECTION */;
/*!40101 SET NAMES utf8mb4 */;

--
-- Database: `harristo_harris`
--

-- --------------------------------------------------------

--
-- Table structure for table `addresses`
--

CREATE TABLE `addresses` (
  `addressId` int(11) NOT NULL,
  `address1` varchar(100) NOT NULL,
  `address2` varchar(100) NOT NULL,
  `city` varchar(75) NOT NULL DEFAULT 'Hamilton',
  `province` varchar(4) NOT NULL DEFAULT 'ON',
  `postalCode` varchar(10) NOT NULL,
  `active` int(11) NOT NULL DEFAULT '1'
) ENGINE=InnoDB DEFAULT CHARSET=latin1;

--
-- Dumping data for table `addresses`
--

INSERT INTO `addresses` (`addressId`, `address1`, `address2`, `city`, `province`, `postalCode`, `active`) VALUES
(1, '30 Harrisford Street', '', 'Hamilton', 'ON', 'L8K 6N1', 1),
(2, '40 Harrisford Street', '', 'Hamilton', 'ON', 'L8K 6N1', 1);

-- --------------------------------------------------------

--
-- Table structure for table `advertisements`
--

CREATE TABLE `advertisements` (
  `adId` int(11) NOT NULL,
  `display` int(11) NOT NULL DEFAULT '0',
  `adTitle` varchar(100) NOT NULL,
  `adBody` varchar(5000) NOT NULL,
  `adTypeId` int(11) NOT NULL,
  `adPublic` int(11) NOT NULL,
  `createdDateTime` datetime NOT NULL,
  `adActive` int(11) NOT NULL,
  `createdBy` int(11) NOT NULL,
  `adExpires` datetime NOT NULL
) ENGINE=InnoDB DEFAULT CHARSET=latin1;

--
-- Dumping data for table `advertisements`
--

INSERT INTO `advertisements` (`adId`, `display`, `adTitle`, `adBody`, `adTypeId`, `adPublic`, `createdDateTime`, `adActive`, `createdBy`, `adExpires`) VALUES
(4, 0, 'Web Site Design and Development', 'The website you are viewing was designed and developed by Calder Communications. We offer reasonably priced and functional websites for small to medium sized businesses.<br /> For details please call Rick at 905.515.4951 or email to:  <a href=\'mailto:rick', 4, 1, '2013-04-21 00:00:00', 0, 183, '2013-05-05 00:00:00'),
(5, 0, 'Buy and Sell Area', 'This is an area for you to sell an item or let people know you are looking for something.', 4, 0, '2013-04-21 00:00:00', 0, 101, '2013-05-05 00:00:00'),
(6, 0, '1 pc. airway luggage-grey', '<p>expandable lightweight 28x19x11 new never used.sale pice 125.00</p><p>&nbsp;</p><p>Note from Web Admin.....There is no contact information for this ad.</p><p>I am going to display it but as an example of what NOT to do.</p><p>Other ads with no contact info will be deleted.</p>', 3, 0, '2013-04-28 00:00:00', 0, 101, '2013-05-12 00:00:00'),
(7, 1, '1pc. airway luggage -grey', '<P>expandable lightweight 28x19x11 NEW-NEVER USED.sale price 125.00please contact BERNIE @905-5604369.</P>\n<P>&nbsp;</P>', 3, 0, '2013-04-29 00:00:00', 0, 104, '2013-05-13 00:00:00'),
(8, 0, 'Your Advertisements', '<p>Did you know you can create your own ads?</p><p>Under the \"What\'s Happening\" menu, click on \"Classified Ads to read existing ads and create your own ad for items wanted, for sale, services offered etc.</p><p>The ad will be looked at by the Super and if acceptable, will be enabled for publication on the site.</p>', 4, 0, '2016-07-14 00:00:00', 0, 101, '2016-07-28 00:00:00'),
(9, 1, '2008 CTS Cadillac For Sale', '<p>2008 CTS Cadillac For Sale. </p><p>Low kilometers 97284, no rust, new battery, parked indoors, 6 cylinders.</p><p>Price $15,000. Contact Jane Klezok 905-661-0562</p><p>\n\n</p>', 3, 1, '2013-06-27 00:00:00', 0, 85, '2013-07-11 00:00:00'),
(10, 1, 'ladies golf clubs r.h.', '3 woods 7 irons.good cond. no bag. price 40.00 o.b.o. call 905 5604369.', 3, 0, '2013-07-02 00:00:00', 0, 104, '2013-07-16 00:00:00'),
(11, 1, '1 pc. luggage airway.', '28x19 x11&nbsp; won in draw never used .lightweight expandable.price 90.00 o.b.o. call 905 5604369.', 3, 0, '2013-07-02 00:00:00', 0, 104, '2013-07-16 00:00:00'),
(12, 1, '2 Balcony chairs', '<P>I have 2 balcony chairs for sale.&nbsp; They are dark green metal frames with woven rattan-looking seats.&nbsp; I would like $10.00 each.&nbsp; Phone 578-0278</P>\n<P>Thank you.</P>', 3, 1, '2013-11-25 00:00:00', 0, 154, '2013-12-09 00:00:00'),
(13, 0, 'computer carrying case', '<u><i><b>swiss gear make w/shoulder strap.new in original pkg.50.00 or best offer. please call 905 -5604369<br></b></i></u>', 3, 0, '2014-06-10 00:00:00', 0, 104, '2014-06-24 00:00:00'),
(14, 0, 'computer carrying case', '<u><i><b>swiss gear make w/shoulder strap.new in original pkg.50.00 or best offer. please call 905 -5604369<br></b></i></u>', 3, 0, '2014-06-10 00:00:00', 0, 104, '2014-06-24 00:00:00'),
(15, 1, 'computer carrying case', '<u><i><b>swiss gear make w/shoulder strap.new in original pkg.50.00 or best offer. please call 905 -560-4369<br></b></i></u>', 3, 0, '2014-06-10 00:00:00', 0, 101, '2014-06-24 00:00:00'),
(16, 1, 'portable electric heater', '<u><b>1500 watts w/remote and manual. ideal for bedroom.\"1 YEAR WARRANTY\" new 200.00&nbsp; sell for 100.00. call 905 560-4369<br></b></u>', 3, 0, '2014-09-30 00:00:00', 0, 101, '2014-10-14 00:00:00'),
(17, 1, 'Koolatron Portable Cooler', 'Portable cooler/warmer.<br><br>Follow link to view.<br><br>', 3, 1, '2014-12-25 00:00:00', 0, 101, '2015-01-08 00:00:00'),
(18, 1, 'tickets for sale', '<b>2 tickets for sale to \"legends in concert\"at fallsview casino mon .oct 5 /15 at 3:00p.m. $50.00 for both. pls.call 905 5604369<br></b>', 3, 0, '2015-09-30 00:00:00', 0, 104, '2015-10-14 00:00:00'),
(19, 1, 'test', 'test', 1, 1, '2016-07-11 00:00:00', 0, 101, '2016-07-25 00:00:00'),
(20, 1, 'Test', 'This is a test<br>', 1, 1, '2016-07-11 00:00:00', 0, 101, '2016-07-25 00:00:00'),
(21, 1, 'd', '<div  0px 14.3906px 0px 28.7969px; padding: 0px; width: 436.797px; float: left; font-family: \"Open Sans\", Arial, sans-serif; font-size: 14px; line-height: 20px; background-color: rgb(255, 255, 255);\"><h   0px 0px 10px; padding: 0px; font-weight: 400; line-height: 24px; font-family: DauphinPlain; font-size: 24px;\">Where does it come from?</h ><p  0px 0px 15px; padding: 0px; text-align: justify;\">Contrary to popular belief, Lorem Ipsum is not simply random text. It has roots in a piece of classica', 1, 1, '2016-07-15 00:00:00', 0, 183, '2016-07-29 00:00:00'),
(22, 0, 'test', '<div  0px 14.3906px 0px 28.7969px; padding: 0px; width: 436.797px; float: left; font-family: \"Open Sans\", Arial, sans-serif; font-size: 14px; line-height: 20px; background-color: rgb(255, 255, 255);\"><h   0px 0px 10px; padding: 0px; font-weight: 400; line-height: 24px; font-family: DauphinPlain; font-size: 24px;\">Where does it come from?</h ><p  0px 0px 15px; padding: 0px; text-align: justify;\">Contrary to popular belief, Lorem Ipsum is not simply random text. It has roots in a piece of classica', 2, 1, '2016-07-15 00:00:00', 0, 183, '2016-07-29 00:00:00'),
(23, 0, 'CORNER UNIT FOR SALE  ~  Open House:  Sunday, July 17th, 1PM-4PM', '<p class=\"MsoNormal\"><span  12pt; font-family: \"Times New Roman\", serif;\">Spacious, extensively updated 3 bedroom/2 bath unit in move-in condition.\nIn-suite laundry, screened-in balcony, master ensuite, bathrooms updated with\ngranite tops, marble &amp; ceramics; large galley kitchen with copious\ncupboards; slate entry/hallway, prime parking spot (additional space available\nright beside existing).&nbsp;</span></p><p class=\"MsoNormal\"><span  12pt; font-family: \"Times New Roman\", serif;\">#308 – 30 ', 1, 1, '2016-07-15 00:00:00', 0, 85, '2016-07-29 00:00:00'),
(24, 0, 'CORNER UNIT FOR SALE  ~  Open House:  Sunday, July 17th, 1PM-4PM', '<span  windowtext 1.0pt;padding:0cm\">Extensively\n updated 3 bdrm/2 bath unit in move-in condition. Screened-in balcony, \nbathrooms updated w/ granite tops, marble &amp; ceramics; large galley \nkitchen w/ copious cupboards; slate entry/hallway, prime parking spot.&nbsp;</span><span >#308 – 30 Harrisford. $299,875. $454/mth fee.&nbsp;Call <a href=\"tel:905.537.9400\" value=\"+19055379400\" target=\"_blank\">905.537.9400</a> or&nbsp;</span><a href=\"http://www.comfree.com/708885\" target=\"_blank\" data-safe', 1, 1, '2016-07-15 00:00:00', 0, 101, '2016-07-29 00:00:00'),
(25, 1, 'CORNER UNIT FOR SALE', '<span windowtext=\"\" 1.0pt;padding:0cm\"=\"\">Extensively\n updated 3 bdrm/2 bath unit in move-in condition. Screened-in balcony, \nbathrooms updated w/ granite tops, marble &amp; ceramics; large galley \nkitchen w/ copious cupboards; slate entry/hallway, prime parking spot.&nbsp;</span><span>#308 – 30 Harrisford. $299,875. $454/mth fee. </span><span >Contact Colleen Long, Pottruff &amp; Oliver, 905.549.6515,&nbsp; <a href=\"mailto:colleen@pottruffandoliver.com\" target=\"_blank\">colleen@pottruffandoliver.com</a>.</span>', 1, 1, '2016-07-27 00:00:00', 0, 101, '2016-08-10 00:00:00');

-- --------------------------------------------------------

--
-- Table structure for table `ad_types`
--

CREATE TABLE `ad_types` (
  `adTypeId` int(11) NOT NULL,
  `adType` varchar(255) NOT NULL
) ENGINE=InnoDB DEFAULT CHARSET=latin1;

--
-- Dumping data for table `ad_types`
--

INSERT INTO `ad_types` (`adTypeId`, `adType`) VALUES
(1, 'Unit For Sale'),
(2, 'Wanted'),
(3, 'For Sale'),
(4, 'Service');

-- --------------------------------------------------------

--
-- Table structure for table `announcements`
--

CREATE TABLE `announcements` (
  `announcementId` int(11) NOT NULL,
  `announcementTitle` varchar(100) NOT NULL,
  `announcementBody` text NOT NULL,
  `createdBy` int(11) NOT NULL,
  `displayStart` datetime NOT NULL,
  `displayUntil` datetime NOT NULL,
  `active` int(11) NOT NULL DEFAULT '1'
) ENGINE=InnoDB DEFAULT CHARSET=latin1;

--
-- Dumping data for table `announcements`
--

INSERT INTO `announcements` (`announcementId`, `announcementTitle`, `announcementBody`, `createdBy`, `displayStart`, `displayUntil`, `active`) VALUES
(9, 'Test Announcement', 'Hello World!', 1, '2013-02-09 00:00:00', '2013-02-16 00:00:00', 0),
(10, 'Bid Euchre Night', 'Looking for a fun night out with your neighbours? Check out our Bid Euchre night on Friday nights in the 30 Building Library (B).\nCost is one dollar.\nPrizes are given to the top four highest scores.\nIf you are unsure how to play, we will be happy to teach you.', 101, '2014-03-08 00:00:00', '2018-03-31 00:00:00', 1),
(11, 'Test Announcement', 'Hey everyone.<br />\nThis is just a test announcement to see how things will look.<br />\n<strong><em>This is a test message</em></strong>', 183, '2013-02-09 00:00:00', '2013-03-30 00:00:00', 0),
(12, 'Cribbage Night', '4 handed cribbage is played on Wednesday nights in the 30 Building Library.\n\nAll are welcome.', 101, '2014-03-08 00:00:00', '2014-05-01 00:00:00', 0),
(13, 'Carpet Shampoo 30 building', 'Starting April 17 2013 with 30 building all hallways and common element areas are to be professionally cleaned', 101, '2013-04-16 00:00:00', '2013-04-18 00:00:00', 0),
(14, 'Carpet shampoo 40 building', 'Starting April 18 all hallways and common element area\'s are to be professionally cleaned in 40 building', 101, '2013-04-17 00:00:00', '2013-04-19 00:00:00', 0),
(15, 'Dryer vent cleaning', 'Starting Monday May 13 until May 18', 29, '2013-05-01 00:00:00', '2013-05-14 00:00:00', 0),
(16, 'Underground Parking', 'On May 14 2014 Underground parking to be cleaned - please ensure all cars are removed from the garage  prior to 8 A.M.', 29, '2014-05-05 00:00:00', '2014-05-15 00:00:00', 0),
(17, 'Fire Alarm Test', 'Wednesday August 28 2013 The Super will be doing a fire alarm test at 3:00 pm', 29, '2013-08-05 00:00:00', '2013-08-29 00:00:00', 0),
(18, 'Visitors Parking Repair', 'On may 15 2012 the visitors Parking area will have Asphalt Repairs done to the traffic Area', 29, '2013-05-06 00:00:00', '2013-05-16 00:00:00', 0),
(19, 'Visitors Parking Sealing', 'On May 29 1013 the visitors parking area for both 30 & 40 buildings will be sealed - there will be no Visitors Parking allowed on this date', 29, '2013-05-22 00:00:00', '2013-05-30 00:00:00', 0),
(20, 'Visitors Parking Painting', 'On May 30 2013 the Visitors Parking Line Painting will be done for both building  there will be no Visitors Parking Permitted please use the Plaza or the Street for parking', 29, '2013-05-22 00:00:00', '2013-05-31 00:00:00', 0),
(21, 'Monthly Fire Alarm System Check', 'The superintendent will be carrying out a monthly Fire alarm Test on the following dates.  Please note it will always be the last Wednesday or every month except December 2013 and always at 3 P.M.\nTHE ALARM WILL SOUND\nAugust 28, September 25, October 30, November 27, December 18', 29, '2013-08-13 00:00:00', '2013-12-31 00:00:00', 0),
(22, 'Window Cleaning', 'Universal window clean will start all exterior windows 30 building June 19 40 building June 20 rain date June 21', 29, '2014-06-12 00:00:00', '2014-06-21 00:00:00', 0),
(23, '<strong>Classified Ads</strong>', 'Did you know that you can submit classified ads by posting an ad on the Website? Look under the \"Owners\" tab and select What\'s Happening.\nYou can also book the Party Room from the Website.', 101, '2017-07-01 00:00:00', '2018-12-31 00:00:00', 1),
(24, 'Carpet cleaning', 'common elements 30 building', 29, '2014-06-09 00:00:00', '2014-06-09 00:00:00', 0),
(25, 'Carpet cleaning', '40 building common elements', 29, '2014-06-10 00:00:00', '2014-06-10 00:00:00', 0),
(26, 'Garage Door replacement Sept 3 2014', 'the garage door will be replaced and as of 9 A.M. there will be no car access to the garage please plan ahead', 29, '2014-08-28 00:00:00', '2014-09-04 00:00:00', 0),
(27, '<strong>Davis Creek Movie Under the Stars</strong>', 'Thursday, July 30th, 2015 - 8-10pm.\n\nVeevers Park (Corner of Greenhill and Veevers).<br/>\n\nBring your lawnchairs, blankets and snacks.<br/>\n\nMovie starts at dusk.', 101, '2015-07-28 00:00:00', '2015-07-31 00:00:00', 0),
(28, 'Wine and Cheese Party', 'The Party will be on August 15th in the 40 Building Community Room.\nFestivities begin at 6:00.\n\nResidents only please.', 101, '2016-08-11 00:00:00', '2016-08-16 00:00:00', 0),
(29, '<strong>Canada Day BBQ</strong>', 'The BBQ was a huge success and everyone had a good time visiting and having a superb dinner cooked by 2 grilling experts.\n\nThanks so much to Irene and Kim for pulling the whole thing together. They worked tirelessly on it.\n\nIf anyone has any pictures to post on the website, please e-mail them to me at calder408@gmail.com or else put them on a flash drive and get them to me. The drive will be returned to you.<br/>\n\nBill Calder', 101, '2017-07-01 00:00:00', '2017-08-31 00:00:00', 0),
(30, 'Property Manager Change', 'Please note that we have a new Property Manager.\n\nWe still have Larlyn as our Management Company but the new Property Manager is Sean Burrows.', 101, '2017-11-16 00:00:00', '2018-02-28 00:00:00', 1),
(31, 'Condominium Authority of Ontario', 'The new authority is now on-line.\n\nIt shows the new changes and additions to the Condominium world including the Director Training course and the new Condominium Authority Tribunal (CAT)\n\nThe following link will take you to their <a href=\"http://www.condoauthorityontario.ca\" target=\"_blank\">Website</a>', 183, '2018-02-02 00:00:00', '2018-06-30 00:00:00', 1),
(32, 'Game Room', 'We have added a second pool table and a new shuffleboard to the games room. Please note that you need a key for entry to the room which can be obtained from the Superintendent.\nThe room is located in the B2 level of 40 building near the pool entrances.', 101, '2018-03-10 00:00:00', '2019-03-31 00:00:00', 1);

-- --------------------------------------------------------

--
-- Table structure for table `board`
--

CREATE TABLE `board` (
  `boardId` int(11) NOT NULL,
  `boardFirstName` varchar(50) NOT NULL,
  `boardLastName` varchar(50) NOT NULL,
  `boardTitle` varchar(50) NOT NULL,
  `boardPhone` varchar(25) NOT NULL,
  `boardEmail` varchar(100) DEFAULT NULL,
  `boardUnitNumber` varchar(12) NOT NULL,
  `boardActive` int(11) NOT NULL DEFAULT '1',
  `priority` int(11) NOT NULL DEFAULT '5'
) ENGINE=InnoDB DEFAULT CHARSET=latin1;

--
-- Dumping data for table `board`
--

INSERT INTO `board` (`boardId`, `boardFirstName`, `boardLastName`, `boardTitle`, `boardPhone`, `boardEmail`, `boardUnitNumber`, `boardActive`, `priority`) VALUES
(1, 'David', 'Andrews', 'Vice President', '', 'darandrews@outlook.com', '30-304', 1, 2),
(2, 'Bill', 'Calder', 'Director', '905-538-6060', NULL, '30-408', 0, 5),
(3, 'Bill', 'Calder', 'President', '', 'calder408@gmail.com', '30-408', 1, 1),
(4, 'Ron', 'Harrod', 'Treasurer', '', 'rcharrod14@yahoo.ca', '30-601', 1, 3),
(5, 'Bob', 'Smart', 'Director', '', 'elaineandb@hotmail.com', '40-104', 1, 5),
(6, 'Bob', 'Smart', 'Director', '', 'elaineandb@hotmail.com', '30-408', 0, 5),
(7, 'Rob', 'Darnley', 'Director', '', 'rob.n.darnley@gmail.com', '40-808', 1, 5),
(8, 'Bernadette', 'Murphy', 'Director', '905-560-4085', 'missemma.murphy@gmail.com', '30-804', 0, 5),
(9, 'Sonia', 'Wira', 'Director', '', 'sonia_wira_home@live.com', '40-803', 0, 5),
(10, 'Sonia', 'Wira', 'Secretary', '', 'sonia_wira_home@live.com', '40-803', 1, 4),
(11, 'Edna', 'Kennedy', 'Director', '', 'ekennedy47@hotmail.com', '30-604', 1, 5),
(12, '', '', 'select', '', '', '', 0, 6),
(13, 'Pat', 'Kummer', 'Property Manager', '', 'precision@cogeco.net', 'Offsite', 1, 6);

-- --------------------------------------------------------

--
-- Table structure for table `contractors`
--

CREATE TABLE `contractors` (
  `contractorId` int(11) NOT NULL,
  `contractorType` int(11) NOT NULL,
  `contractorName` varchar(125) NOT NULL,
  `contractorPhone` varchar(25) NOT NULL,
  `contractorDescription` varchar(255) NOT NULL,
  `contractorActive` int(11) NOT NULL DEFAULT '1'
) ENGINE=InnoDB DEFAULT CHARSET=latin1;

--
-- Dumping data for table `contractors`
--

INSERT INTO `contractors` (`contractorId`, `contractorType`, `contractorName`, `contractorPhone`, `contractorDescription`, `contractorActive`) VALUES
(12, 5, 'Diversified Property Management - contact Lori', '905-545-8162', 'Drywall and water damage repairs - painting - bathroom renovations', 999),
(13, 2, 'Dragon Electric  contact Dragon', '905-545-8162', 'all electrical repairs and installations', 999),
(14, 2, 'Dragon Electric  contact Dragon', '905-961-5155', 'all electrical repairs and installations', 1),
(15, 4, 'Aberdeen Carpet Cleaning', '905-545-8511', 'Carpet repairs and shampoo', 1),
(16, 4, 'Aberdeen Carpet Cleaining', '905-545-8511', 'Carpet repairs and shampoo', 999),
(17, 3, 'Diversified Property Management', '905-545-8162', 'All types of general repairs - ceramic tile - hardwood floors -', 999),
(18, 3, 'J. D. Contractors  contact Dave', '905-546-6334', 'All types of general repairs - ceramic tile - hardwood floors -', 999),
(19, 3, 'J. D. Contractors  contact Dave', '905-546-6334', 'All types of general repairs - ceramic tile - hardwood floors -', 999),
(20, 1, 'Townsend Plumping  Contact Bill', '905-574-1100', 'any and all types of plumbing repairs', 1),
(21, 3, 'The Lock Hut  Contact Richard', '905-573-3535', 'All repair, replacement of all Locks and entry door dead Bolts', 1),
(22, 3, 'Peter Martin Home Appliance -  Contact Mike', '905-383-2146', 'Appliance replacement new and used, Repair,home delivery included stoves fridges portable air conditioners', 1),
(23, 3, 'Brusey\'s Awning - Contact Richard', '905-522-5625', 'Supply and install screens for balconies', 1),
(24, 3, 'McCabes Air Conditioning Contact Ross', '905-971-0825', 'Supply and install Central Air Conditioning units\nalso repairs', 1),
(25, 6, 'Metal Recycle - Contact Robert', '905-923-8984', 'All types of metal. Free pickup of old appliances', 999),
(26, 3, 'Tomas Manners Home & Renovations', '905-746-1905', 'drywall repairs, painting, complete bathroom, Kitchen renovations', 999),
(27, 3, 'Tomas Manners Home & Renovations', '905-746-1905', 'drywall repairs, painting, complete bathroom, Kitchen renovations', 999),
(28, 3, 'C-Clear Cleaning', '905-966-0905', 'Interior Window Cleaning - contact Steve', 1),
(29, 3, 'C-Clear Cleaning', '905-966-0905', 'Interior Window Cleaning - contact Steve', 999),
(30, 3, 'Diversfied Home Improvments', '905-512-8313', 'General repairs', 1);

-- --------------------------------------------------------

--
-- Table structure for table `contractor_types`
--

CREATE TABLE `contractor_types` (
  `contractorTypeId` int(11) NOT NULL,
  `contractorTypeName` varchar(100) NOT NULL,
  `contractorTypeActive` int(11) NOT NULL DEFAULT '1'
) ENGINE=InnoDB DEFAULT CHARSET=latin1;

--
-- Dumping data for table `contractor_types`
--

INSERT INTO `contractor_types` (`contractorTypeId`, `contractorTypeName`, `contractorTypeActive`) VALUES
(1, 'Plumber', 1),
(2, 'Electrician', 1),
(3, 'General Contractor', 1),
(4, 'Flooring', 1),
(5, 'Painting', 1),
(6, 'Metal Recycling', 1),
(7, 'test', 999),
(8, 'test', 999);

-- --------------------------------------------------------

--
-- Table structure for table `events`
--

CREATE TABLE `events` (
  `eventId` int(11) NOT NULL,
  `eventTitle` varchar(100) NOT NULL,
  `eventData` varchar(255) NOT NULL,
  `eventActive` int(11) NOT NULL DEFAULT '1',
  `eventDisplay` int(11) NOT NULL DEFAULT '1',
  `eventDate` datetime NOT NULL,
  `eventPublic` int(11) NOT NULL DEFAULT '1',
  `eventPartyRoom` int(11) NOT NULL DEFAULT '0',
  `createdBy` int(11) NOT NULL,
  `requestEmail` varchar(255) NOT NULL
) ENGINE=InnoDB DEFAULT CHARSET=latin1;

--
-- Dumping data for table `events`
--

INSERT INTO `events` (`eventId`, `eventTitle`, `eventData`, `eventActive`, `eventDisplay`, `eventDate`, `eventPublic`, `eventPartyRoom`, `createdBy`, `requestEmail`) VALUES
(2, 'This is a test', 'This is a test event. If there were really an event today the information about that event would appear here!', 0, 0, '2013-03-25 00:00:00', 1, 0, 0, ''),
(3, 'test event', 'This shows another event on the same day.', 0, 0, '2013-03-25 00:00:00', 1, 0, 0, ''),
(4, 'Cribbage in Library - 30 Building', 'Start time is 7:00 pm', 1, 0, '2013-05-22 00:00:00', 1, 0, 29, ''),
(5, 'Bid Eucher in Library - 30 Building', 'Start time is 7:00', 1, 0, '2014-03-12 00:00:00', 1, 0, 29, ''),
(6, 'Carpet Cleaning - 30 Building', 'All common area carpeting is being professionally cleaned.', 1, 0, '2013-04-17 00:00:00', 1, 0, 0, ''),
(7, 'Carpet Cleaning - 40 Building', 'All common area carpeting is being professionally cleaned.', 1, 0, '2013-04-18 00:00:00', 1, 0, 0, ''),
(8, 'Fire Alarm Test', 'Test of the In Suite Fire Alarm will happen at 3:00 pm.', 1, 0, '2013-08-28 00:00:00', 1, 0, 29, ''),
(9, 'Party Room - Test Event', 'This is just testing', 0, 0, '2013-05-25 00:00:00', 0, 1, 183, ''),
(10, 'Ice Cream Social', 'The annual Ice Cream Social is to take place in the garden area between 30 and 40 buildings on July 24th at 7:00pm to 9:00pm.\n\nAll residents are invited and you should bring your own lawn chairs.', 1, 0, '2013-07-24 00:00:00', 1, 0, 101, ''),
(11, 'Party Room - Anniversary Party', 'Dave and Pat Chamberlain 35th Anniversary Party', 1, 0, '2013-09-07 00:00:00', 0, 1, 83, ''),
(12, 'new', 'test', 0, 0, '2013-08-09 00:00:00', 1, 0, 183, ''),
(13, 'Test from Bill', 'Room not really booked. Just a test.', 0, 0, '2013-08-10 00:00:00', 0, 1, 101, ''),
(14, 'test', 'test', 1, 0, '2013-08-12 00:00:00', 1, 0, 183, ''),
(15, 'Party room', 'reserved for this date not available', 1, 0, '2013-08-28 00:00:00', 0, 1, 29, ''),
(16, 'Party Room', 'already booked for this date not available', 1, 0, '2013-08-29 00:00:00', 0, 1, 29, ''),
(17, 'Party Room', 'already reserved for this date not available', 1, 0, '2013-09-07 00:00:00', 0, 1, 29, ''),
(18, 'Party Room', 'already reserved for this date not available', 1, 0, '2013-09-08 00:00:00', 0, 1, 29, ''),
(19, 'Party Room', 'already reserved for this date not available', 1, 0, '2013-12-07 00:00:00', 0, 1, 29, ''),
(20, 'Party Room', 'already reserved for this date not available', 1, 0, '2013-12-08 00:00:00', 1, 0, 29, ''),
(21, 'Party Room', 'already reserved for this date not available', 1, 0, '2013-12-22 00:00:00', 0, 1, 29, ''),
(22, 'Party Room', 'already reserved for this date not available', 1, 0, '2013-12-24 00:00:00', 0, 1, 29, ''),
(23, 'Party Room', 'already reserved for this date not available', 1, 0, '2013-12-25 00:00:00', 0, 1, 29, ''),
(24, 'Party Room', 'already reserved for this date not available', 1, 0, '2013-12-26 00:00:00', 0, 1, 29, ''),
(25, 'Party Room', 'already reserved for this date not available', 1, 0, '2013-12-28 00:00:00', 0, 1, 29, ''),
(26, 'Board Meeting', 'Monthly meeting', 1, 0, '2013-10-30 00:00:00', 1, 1, 101, ''),
(27, 'Board Meeting', 'Monthly Meeting', 1, 0, '2013-11-25 00:00:00', 1, 1, 101, ''),
(28, 'Board Meeting', 'Monthly Meeting', 1, 0, '2013-10-30 00:00:00', 1, 1, 101, ''),
(29, 'Board Meeting', 'Monthly Meeting', 1, 0, '2013-11-25 00:00:00', 1, 1, 101, ''),
(30, 'Board Meeting', 'Board Meeting', 1, 0, '2013-12-16 00:00:00', 0, 1, 101, ''),
(31, 'Board Meeting', 'Monthly Meeting', 1, 0, '2014-01-27 00:00:00', 1, 1, 101, ''),
(32, 'Party Room', 'already reserved for this date card night', 1, 0, '2014-12-31 00:00:00', 0, 1, 29, ''),
(33, 'Fire System Test', 'Alarms will sound 3 P.M.', 1, 0, '2013-11-25 00:00:00', 1, 0, 29, ''),
(34, 'Fire systems Test', 'Alarms will sound 3 P.M.', 1, 0, '2013-12-18 00:00:00', 1, 0, 29, ''),
(35, 'Fire System Test', 'Alarms will sound  3 P.M.', 1, 0, '2014-01-27 00:00:00', 1, 0, 29, ''),
(36, 'Fire System Test', 'alarms will sound 3 P.M.', 1, 0, '2014-02-24 00:00:00', 1, 0, 29, ''),
(37, 'Fire System Test', 'alarms will sound 3 P.M.', 1, 0, '2014-03-24 00:00:00', 1, 0, 29, ''),
(38, 'Fire System Test', 'alarms will sound 3 P.M.', 1, 0, '2014-04-28 00:00:00', 1, 0, 29, ''),
(39, 'Fire System Test', 'alarms will sound 3 P.M.', 1, 0, '2014-05-26 00:00:00', 1, 0, 29, ''),
(40, 'Fire System Test', 'alarms will sound 3 P.M.', 1, 0, '2014-06-23 00:00:00', 1, 0, 29, ''),
(41, 'Fire System Test', 'alarms will sound 3 P.M.', 1, 0, '2014-07-28 00:00:00', 1, 0, 29, ''),
(42, 'Fire System Test', 'alarms will sound 3 p.m.', 1, 0, '2014-08-25 00:00:00', 1, 0, 29, ''),
(43, 'Fire System Test', 'Alarms will sound 3 P.M.', 1, 0, '2014-09-22 00:00:00', 1, 0, 29, ''),
(44, 'Christmas Party', 'Residents only please bring  treats if you can', 1, 0, '2013-12-18 00:00:00', 1, 1, 29, ''),
(45, 'Party Room - Family Reunion Party', 'Being booked by Pat Chamberlain, #307 and Brenda Silverthorne, #206 jointly for a family party', 1, 0, '2014-05-25 00:00:00', 0, 1, 101, ''),
(46, 'Party  Room Booking', 'Being booked by Pat Chamberlain, #307 and Brenda Silverthorne, #206 jointly for a family party', 1, 0, '2014-05-25 00:00:00', 0, 1, 101, ''),
(47, 'Party Room Rental', '804-30', 1, 0, '2014-04-18 00:00:00', 0, 1, 29, ''),
(48, 'Party Room Rental', '308-30', 1, 0, '2014-12-21 00:00:00', 0, 1, 29, ''),
(49, 'Party Room Rental', '1108-30', 1, 0, '2014-03-29 00:00:00', 0, 1, 29, ''),
(50, 'Cribbage 4 handed', 'Library 30 building every Wednesday night starting at  7 P.M.', 1, 0, '2014-03-12 00:00:00', 1, 0, 183, ''),
(51, 'Bid Euchre', 'Library 30 building on level B1 every Friday night starting at 7 P.M.', 1, 0, '2015-02-04 00:00:00', 1, 0, 29, ''),
(52, 'Party Room Rental', '408-40', 1, 0, '2015-01-18 00:00:00', 0, 1, 29, ''),
(53, 'Party Room Rental', '408-40', 1, 0, '2015-01-18 00:00:00', 0, 1, 29, ''),
(54, 'Party Room Rental', '408-40', 1, 0, '2015-01-19 00:00:00', 0, 1, 29, ''),
(55, 'Party Room Rental', '408-40', 1, 0, '2015-01-18 00:00:00', 0, 1, 29, ''),
(56, 'Party Room Rental', '408-40', 1, 0, '2015-01-18 00:00:00', 0, 1, 29, ''),
(57, 'Party Room Rental', '408-40', 1, 0, '2015-01-19 00:00:00', 0, 1, 29, ''),
(58, 'Party Room rental', '1007-1008 40 building', 1, 0, '2014-05-30 00:00:00', 1, 0, 29, ''),
(59, 'Carpet Cleaning', 'all hallways common element 30 building', 1, 0, '2014-06-09 00:00:00', 1, 0, 29, ''),
(60, 'Carpet Cleaning', 'hallway common element 40 building', 1, 0, '2014-06-10 00:00:00', 1, 0, 29, ''),
(61, 'Party Room rental', '101-40', 1, 0, '2014-05-17 00:00:00', 0, 1, 29, ''),
(62, 'Party Room rental', '804-30', 1, 0, '2014-12-24 00:00:00', 0, 1, 29, ''),
(63, 'Party Room Rental', '407-30', 1, 0, '2014-05-18 00:00:00', 0, 1, 29, ''),
(64, 'Party Room Rental', '804-30', 1, 0, '2014-06-20 00:00:00', 0, 1, 29, ''),
(65, 'Garage door replacement', 'garage will be closed to cars starting at 9 A.M please ensure you plan ahead', 1, 0, '2014-09-03 00:00:00', 1, 0, 29, ''),
(66, 'Party Room Rental', 'Card group for new Years', 0, 0, '2017-12-31 00:00:00', 0, 1, 29, ''),
(67, 'Party Room Rental', '608-40', 1, 0, '2014-10-12 00:00:00', 0, 1, 29, ''),
(68, 'Party Room rental', '308-40', 1, 0, '2014-12-26 00:00:00', 0, 1, 29, ''),
(69, 'Party Room Rental', '704-30', 1, 0, '2014-09-14 00:00:00', 0, 1, 29, ''),
(70, 'Party Room Rental', '108-30', 1, 0, '2015-12-25 00:00:00', 0, 1, 29, ''),
(71, 'Party Room - Scrapbooking', 'get together with girlfriends', 0, 0, '2014-11-08 00:00:00', 0, 1, 29, ''),
(72, 'Party Room rental', '105-40', 1, 0, '2014-11-07 00:00:00', 1, 1, 29, ''),
(73, 'Party Room rental', '105-40', 1, 0, '2014-11-09 00:00:00', 0, 1, 29, ''),
(74, 'Party Room - scrapbooking', 'scrapbooking', 0, 0, '2014-11-08 00:00:00', 0, 1, 24, 'kellyharrislebel@shaw.ca'),
(75, 'Party Room  Rental', '105-40', 1, 0, '2014-11-08 00:00:00', 0, 1, 29, ''),
(76, 'Community Room', 'AGM -yearly meeting starting at 7 P.M.\n\nRegistration starting at 6:30', 1, 0, '2014-10-08 00:00:00', 1, 1, 101, ''),
(77, 'Party Room - Prviate Party', 'Bridal Shower for my niece', 1, 0, '2015-04-12 00:00:00', 0, 1, 83, 'patch8184@gmail.com'),
(78, 'Party Room Rental', 'Condo party', 1, 0, '2015-12-16 00:00:00', 1, 1, 29, ''),
(79, 'Party Room - Presidents day celebration', 'BYOB Party', 1, 0, '2014-11-19 00:00:00', 0, 1, 101, 'calder408@gmail.com'),
(80, 'Party Room - Test event', 'Testing', 1, 0, '2014-11-20 00:00:00', 0, 1, 183, 'rick@calderonline.com'),
(81, 'Party Room - Test', 'Test by Bill', 1, 0, '2014-11-12 00:00:00', 0, 1, 101, 'calder408@gmail.com'),
(82, 'Party Room - private', '1108-30', 1, 0, '2015-01-24 00:00:00', 0, 1, 29, ''),
(83, 'Party Room - Private Party - Pat Chamberlain, 30-#307', 'Bridal Shower', 1, 0, '2015-04-19 00:00:00', 0, 1, 83, 'patch8184@gmail.com'),
(84, 'Party room Rental', '404-30', 1, 0, '2015-05-10 00:00:00', 1, 0, 29, ''),
(85, 'Party room Rental', '401-30', 1, 0, '2015-05-23 00:00:00', 0, 1, 29, ''),
(86, 'Party Room Rental', '308-30', 1, 0, '2015-12-20 00:00:00', 0, 1, 29, ''),
(87, 'Party Room Rental', '202-40', 1, 0, '2015-01-30 00:00:00', 0, 1, 29, ''),
(88, 'Party Room Rental', '505-30', 1, 0, '2015-04-05 00:00:00', 0, 1, 29, ''),
(89, 'Party Room Rental', '404-30', 1, 0, '2015-05-11 00:00:00', 0, 1, 29, ''),
(90, 'Party Room - Private Function', 'Wedding', 1, 0, '2015-02-20 00:00:00', 0, 1, 101, 'calder408@gmail.com'),
(91, 'Party Room Rental', '408-40', 1, 0, '2015-04-04 00:00:00', 0, 1, 29, ''),
(92, 'Party Room Rental', '404-30', 0, 0, '2016-12-26 00:00:00', 0, 1, 29, ''),
(93, 'Party Room - Chamberlain', 'Dave spoke to Doug about reserving this date in conj with Apr 19', 1, 0, '2015-04-18 00:00:00', 0, 1, 29, ''),
(94, 'Party Room - private event', 'private', 0, 0, '2015-04-10 00:00:00', 0, 1, 24, 'kellyharrislebel@shaw.ca'),
(95, 'Party Room - private', 'private', 0, 0, '2015-04-11 00:00:00', 0, 1, 24, 'kellyharrislebel@shaw.ca'),
(96, 'Party Room - private', 'private', 0, 0, '2015-04-12 00:00:00', 0, 1, 24, 'kellyharrislebel@shaw.ca'),
(97, 'Party Room Rental', '408-40', 1, 0, '2015-04-11 00:00:00', 0, 1, 29, ''),
(98, 'Party Room Rental', '1108-30', 1, 0, '2015-03-14 00:00:00', 0, 1, 29, ''),
(99, 'Party Room Rental', '708-40 baseball', 1, 0, '2015-03-30 00:00:00', 0, 1, 29, ''),
(100, 'Party Room Rental', '803-30', 1, 0, '2015-04-03 00:00:00', 0, 1, 29, ''),
(101, 'Party Room Rental', '401-30', 1, 0, '2015-05-17 00:00:00', 0, 1, 29, ''),
(102, 'Party Room Rental', '205-30', 1, 0, '2015-06-18 00:00:00', 0, 1, 29, ''),
(103, 'Party Room Rental', '1003-30', 1, 0, '2015-12-12 00:00:00', 0, 1, 29, ''),
(104, 'Party Room Rental', '105-40', 1, 0, '2015-05-01 00:00:00', 0, 1, 29, ''),
(105, 'Party Room Rental', '105-40', 1, 0, '2015-05-02 00:00:00', 0, 1, 29, ''),
(106, 'Party Room Rental', '105-40', 1, 0, '2015-05-03 00:00:00', 0, 1, 29, ''),
(107, 'Party Room Rental', '401-30', 1, 0, '2015-05-31 00:00:00', 0, 1, 29, ''),
(108, 'Party Room Rental', '701-40', 1, 0, '2015-04-26 00:00:00', 0, 1, 29, ''),
(109, 'Party Room Rental', '205-30', 1, 0, '2015-07-18 00:00:00', 0, 1, 29, ''),
(110, 'Party Room Rental', '1001-40', 1, 0, '2015-06-28 00:00:00', 0, 1, 29, ''),
(111, 'Party Room Rental', '1005-40', 1, 0, '2015-05-09 00:00:00', 0, 1, 29, ''),
(112, 'Annual General Meeting', 'Annual meeting for Owners Only - register at 6:30 pm and meeting starts at 7:00 pm.', 1, 0, '2015-09-23 00:00:00', 1, 1, 101, ''),
(113, 'Party Room Rental', '401-40', 1, 0, '2015-10-10 00:00:00', 1, 1, 29, ''),
(114, 'Party Room rental', '408-40', 1, 0, '2015-12-19 00:00:00', 1, 1, 29, ''),
(115, 'Party Room Rental', 'Resident card players', 1, 0, '2015-12-31 00:00:00', 1, 1, 29, ''),
(116, 'Party Room Rental', '608-40', 1, 0, '2015-11-07 00:00:00', 1, 1, 29, ''),
(117, 'Party Room - Birthday Party', 'mother\'s 90th Birthday', 1, 0, '2015-12-06 00:00:00', 0, 1, 126, 'bettyannlane@gmail.com'),
(118, 'Party Room - Family Party', 'Being booked by Pat Chamberlain, #307', 0, 0, '2015-11-21 00:00:00', 0, 1, 83, 'patch8184@gmail.com'),
(119, 'Party Room - Family Party', 'Being booked by Pat Chamberlain, #307', 1, 0, '2015-11-21 00:00:00', 0, 1, 83, 'patch8184@gmail.com'),
(120, 'Party Room Rental', '1101-30', 1, 0, '2015-12-11 00:00:00', 0, 1, 29, ''),
(121, 'Party Room Rental', '1101-30', 1, 0, '2015-12-24 00:00:00', 0, 1, 29, ''),
(122, 'Party Room rental', '404-30', 1, 0, '2015-12-26 00:00:00', 0, 1, 29, ''),
(123, 'Party Room Rental', '604-30', 1, 0, '2015-11-20 00:00:00', 0, 1, 29, ''),
(124, 'Party Room Rental', '604-30', 1, 0, '2016-01-09 00:00:00', 0, 1, 29, ''),
(125, 'Party Room - Birthday celebration', 'family party', 1, 0, '2016-02-20 00:00:00', 0, 1, 133, 'willking@rogers.com'),
(126, 'Party Room - birthday party', 'birthday party', 1, 0, '2016-02-20 00:00:00', 0, 1, 133, 'kingwill@rogers.com'),
(127, 'Party Room Rental', '804-30', 1, 0, '2015-12-24 00:00:00', 0, 1, 29, ''),
(128, 'Party Room Rental', '708-30', 1, 0, '2015-12-27 00:00:00', 1, 1, 29, ''),
(129, 'Party Room Rental', '601-30', 1, 0, '2016-12-26 00:00:00', 0, 1, 29, ''),
(130, 'Party Room - Family Party', 'family reunion', 1, 0, '2016-05-29 00:00:00', 0, 1, 83, 'patch8184@gmail.com'),
(131, 'Party Room Rental', '703-30', 1, 0, '2016-06-04 00:00:00', 0, 1, 29, ''),
(132, 'Party Room Rental', '905-30', 1, 0, '2016-05-07 00:00:00', 0, 1, 29, ''),
(133, 'Party Room - Private Event', 'Wedding Shower', 1, 0, '2017-01-29 00:00:00', 0, 1, 83, 'patch8184@gmail.com'),
(134, 'Wine and Cheese Party', 'Annual party for the Owners', 1, 0, '2016-08-15 00:00:00', 1, 1, 101, ''),
(135, 'AGM', 'Annual General Meeting', 1, 0, '2016-09-28 00:00:00', 1, 1, 101, ''),
(136, 'Party Room - Private Party - Chamberlain', 'Chamberlain Family Party', 0, 0, '2016-09-17 00:00:00', 0, 1, 29, ''),
(137, 'Party Room - Private Party - Chamberlain', 'Chamberlain Family Party', 0, 0, '2016-09-17 00:00:00', 0, 1, 83, 'patch8184@gmail.com'),
(138, 'Party Room Rental', '608-40', 1, 0, '2016-12-04 00:00:00', 0, 1, 29, ''),
(139, 'Party Room Rental', '404-30', 1, 0, '2016-12-25 00:00:00', 0, 1, 29, ''),
(140, 'Party Room -  dinner', 'family', 1, 0, '2016-10-09 00:00:00', 0, 1, 48, 'robjohncaca@yahoo.ca'),
(141, 'Party Room Rental', '1003-30', 1, 0, '2016-12-10 00:00:00', 0, 1, 29, ''),
(142, 'Party Room Rental', '408-40', 1, 0, '2016-12-18 00:00:00', 0, 1, 29, ''),
(143, 'Party Room Rental', '202-40', 1, 0, '2016-11-20 00:00:00', 1, 1, 29, ''),
(144, 'Party Room Rental', '708-30', 1, 0, '2016-12-17 00:00:00', 0, 1, 29, ''),
(145, 'Party Room Rental', 'card group', 1, 0, '2016-12-31 00:00:00', 0, 1, 29, ''),
(146, 'Party Room Rental', 'Condo group party', 0, 0, '2017-12-13 00:00:00', 1, 1, 29, ''),
(147, 'Party Room Tental', '906-40', 1, 0, '2017-09-29 00:00:00', 0, 1, 29, ''),
(148, 'Party Room Rental', '1002-30', 1, 0, '2017-10-07 00:00:00', 0, 1, 29, ''),
(149, 'Party Room Rental', '901-40', 1, 0, '2017-11-25 00:00:00', 0, 1, 29, ''),
(150, 'Party Room Rental', '807-40', 1, 0, '2017-12-02 00:00:00', 0, 1, 29, ''),
(151, 'Party Room Rental', '608-40', 1, 0, '2017-12-03 00:00:00', 0, 1, 29, ''),
(152, 'Party Room Rental', '801-40', 1, 0, '2017-12-09 00:00:00', 0, 1, 29, ''),
(153, 'Party Room Rental', '408-40', 1, 0, '2017-12-16 00:00:00', 0, 1, 29, ''),
(154, 'Party Room Rental', '304-30', 1, 0, '2017-12-23 00:00:00', 0, 1, 29, ''),
(155, 'Party Room Rental', '108-30', 1, 0, '2017-09-25 00:00:00', 0, 1, 29, ''),
(156, 'Party Room Rental', '401-40', 1, 0, '2017-12-10 00:00:00', 0, 1, 29, ''),
(157, 'Party Room Tental', '1006-40', 1, 0, '2017-12-24 00:00:00', 0, 1, 29, ''),
(158, 'Party Room Rental', '108-30', 1, 0, '2017-12-25 00:00:00', 0, 1, 29, ''),
(159, 'Party Room - BOD', 'Special Meeting', 1, 0, '2018-01-29 00:00:00', 0, 1, 101, 'calder408@gmail.com'),
(160, 'Party Room - Birthday Party', 'Chamberlain Family Party', 1, 1, '2018-07-29 00:00:00', 0, 1, 83, 'patch8184@gmail.com'),
(161, 'Party Room Rental', 'card players', 1, 1, '2018-12-31 00:00:00', 0, 1, 29, '');

-- --------------------------------------------------------

--
-- Table structure for table `gallery_images`
--

CREATE TABLE `gallery_images` (
  `galleryImageId` int(11) NOT NULL,
  `galleryId` int(11) NOT NULL,
  `image` varchar(50) NOT NULL,
  `imageCaption` varchar(255) DEFAULT NULL,
  `imageActive` int(11) NOT NULL DEFAULT '1'
) ENGINE=InnoDB DEFAULT CHARSET=latin1;

--
-- Dumping data for table `gallery_images`
--

INSERT INTO `gallery_images` (`galleryImageId`, `galleryId`, `image`, `imageCaption`, `imageActive`) VALUES
(103, 103, 'building.jpg', 'Ottawa', 1),
(104, 103, 'IMG_0073.JPG', 'Niagara Falls', 1),
(105, 103, 'IMG_0097.JPG', 'Ottawa', 1),
(106, 105, 'St. Lukes Church.jpg', '', 1),
(107, 105, 'Tennis Court.jpg', '', 1),
(108, 106, 'St. Lukes Church.jpg', 'St. Luke\'s Church', 1),
(109, 106, 'Tennis Court.jpg', 'Tennis Court', 1),
(110, 107, 'Xmas 2012 Harris towers 051.JPG', NULL, 1),
(111, 107, 'Xmas 2012 Harris towers 035.JPG', NULL, 1),
(112, 107, 'Xmas 2012 Harris towers 037.JPG', NULL, 1),
(113, 107, 'Xmas 2012 Harris towers 038.JPG', '', 2),
(114, 107, 'Xmas 2012 Harris towers 037.JPG', NULL, 2),
(115, 107, 'Xmas 2012 Harris towers 038.JPG', NULL, 1),
(116, 107, 'Xmas 2012 Harris towers 039.JPG', NULL, 1),
(117, 107, 'Xmas 2012 Harris towers 040.JPG', NULL, 1),
(118, 107, 'Xmas 2012 Harris towers 041.JPG', NULL, 1),
(119, 107, 'Xmas 2012 Harris towers 042.JPG', NULL, 1),
(120, 107, 'Xmas 2012 Harris towers 043.JPG', NULL, 1),
(121, 107, 'Xmas 2012 Harris towers 044.JPG', NULL, 1),
(122, 107, 'Xmas 2012 Harris towers 045.JPG', NULL, 1),
(123, 107, 'Xmas 2012 Harris towers 046.JPG', NULL, 1),
(124, 107, 'Xmas 2012 Harris towers 047.JPG', NULL, 1),
(125, 107, 'Xmas 2012 Harris towers 048.JPG', NULL, 1),
(126, 107, 'Xmas 2012 Harris towers 052.JPG', NULL, 1),
(127, 107, 'Xmas 2012 Harris towers 053.JPG', NULL, 1),
(128, 108, 'Harris Towers_022.JPG', NULL, 1),
(129, 108, 'Harris Towers_023.JPG', NULL, 1),
(130, 108, 'Harris Towers_024.JPG', NULL, 1),
(131, 108, 'Harris Towers_025.JPG', NULL, 1),
(132, 108, 'Harris Towers_026.JPG', NULL, 1),
(133, 108, 'Harris Towers_027.JPG', NULL, 1),
(134, 108, 'Harris Towers_028.JPG', NULL, 1),
(135, 108, 'Harris Towers_029.JPG', NULL, 1),
(136, 108, 'Harris Towers_030.JPG', NULL, 1),
(137, 108, 'Harris Towers_031.JPG', NULL, 1),
(138, 108, 'Harris Towers_032.JPG', NULL, 1),
(139, 108, 'Harris Towers_033.JPG', NULL, 1),
(140, 108, 'Harris Towers_034.JPG', NULL, 1),
(141, 108, 'Harris Towers_035.JPG', NULL, 1),
(142, 109, 'Harris Towers 001.jpg', NULL, 1),
(143, 109, 'Harris Towers 002.jpg', NULL, 1),
(144, 110, '40 Entrance 2016.JPG', NULL, 1),
(145, 110, '30 Building Rear.JPG', NULL, 1),
(146, 110, '30 Entrance 2016 - Copy.JPG', NULL, 1),
(147, 110, '30 Front 2016 - Copy.JPG', NULL, 1),
(148, 110, '30 North Garden 2016.JPG', NULL, 1),
(149, 110, '30 street 2016.JPG', NULL, 1),
(150, 110, '40 Entrance 2016.JPG', NULL, 1),
(151, 110, '40 Visitors  2016.JPG', NULL, 1),
(152, 110, 'Court yard corner 2016.JPG', NULL, 1),
(153, 110, 'Court yard garden 2.JPG', NULL, 1),
(154, 110, 'Court yard garden 2016.JPG', NULL, 1),
(155, 110, 'Courtyard .JPG', NULL, 1),
(156, 110, 'Courtyard 2016.JPG', NULL, 1),
(157, 110, 'Exterior Pool 2016.JPG', NULL, 1),
(158, 110, 'Garage entrance 2016.JPG', NULL, 1),
(159, 110, 'Island 2016.JPG', NULL, 1),
(160, 110, 'Roof Courtyard 2016.JPG', NULL, 1),
(161, 110, 'Roof Courtyeard 2016 - Copy.JPG', NULL, 1),
(162, 111, '40 at night.JPG', '40 Building', 1);

-- --------------------------------------------------------

--
-- Table structure for table `harris_sess`
--

CREATE TABLE `harris_sess` (
  `session_id` varchar(40) NOT NULL DEFAULT '0',
  `ip_address` varchar(45) NOT NULL DEFAULT '0',
  `user_agent` varchar(120) NOT NULL,
  `last_activity` int(10) UNSIGNED NOT NULL DEFAULT '0',
  `user_data` text NOT NULL
) ENGINE=InnoDB DEFAULT CHARSET=latin1;

--
-- Dumping data for table `harris_sess`
--

INSERT INTO `harris_sess` (`session_id`, `ip_address`, `user_agent`, `last_activity`, `user_data`) VALUES
('1f6edec5c97ea194e6b9c902bebbf743', '107.6.183.227', 'Mozilla/5.0 (Windows NT 10.0; WOW64) AppleWebKit/537.36 (KHTML, like Gecko) Chrome/66.0.3359.117 Safari/537.36', 1532472921, 'a:1:{s:9:\"user_data\";s:0:\"\";}'),
('24abaa866374df5187b844c5384d7f16', '115.110.137.26', 'Mozilla/5.0 (Windows NT 10.0; Win64; x64) AppleWebKit/537.36 (KHTML, like Gecko) Chrome/65.0.3325.181 Safari/537.36', 1532477426, 'a:1:{s:9:\"user_data\";s:0:\"\";}'),
('6ed2e464563117eea2383dfee241a9d1', '216.121.245.138', 'Mozilla/5.0 (Windows NT 10.0; Win64; x64) AppleWebKit/537.36 (KHTML, like Gecko) Chrome/67.0.3396.99 Safari/537.36', 1532477036, 'a:5:{s:9:\"user_data\";s:0:\"\";s:10:\"isLoggedIn\";b:1;s:6:\"userId\";s:3:\"183\";s:9:\"roleNames\";a:2:{i:0;s:11:\"basic_admin\";i:1;s:4:\"Home\";}s:7:\"roleIds\";a:2:{i:0;i:1;i:1;i:0;}}'),
('8dd7fc7c42266734fc6c87f735805b37', '66.249.79.117', 'Mozilla/5.0 (compatible; Googlebot/2.1; +http://www.google.com/bot.html)', 1532470867, 'a:1:{s:9:\"user_data\";s:0:\"\";}'),
('f9abea4428c4302ee4d9b7f264a39bad', '184.147.85.4', 'Mozilla/5.0 (Windows NT 10.0; Win64; x64) AppleWebKit/537.36 (KHTML, like Gecko) Chrome/64.0.3282.140 Safari/537.36 Edge', 1532475351, 'a:1:{s:9:\"user_data\";s:0:\"\";}');

-- --------------------------------------------------------

--
-- Table structure for table `messages`
--

CREATE TABLE `messages` (
  `messageId` int(11) NOT NULL,
  `messageSubject` varchar(255) NOT NULL,
  `messageBody` text NOT NULL,
  `creationDateTime` datetime NOT NULL
) ENGINE=InnoDB DEFAULT CHARSET=latin1;

-- --------------------------------------------------------

--
-- Table structure for table `newsletters`
--

CREATE TABLE `newsletters` (
  `newsletterId` int(11) NOT NULL,
  `newsletterHeading` varchar(255) NOT NULL,
  `newsletterBody` text NOT NULL,
  `active` int(11) NOT NULL DEFAULT '1',
  `type` varchar(50) NOT NULL,
  `creationDateTime` datetime NOT NULL,
  `updatedDateTime` datetime DEFAULT NULL
) ENGINE=InnoDB DEFAULT CHARSET=latin1;

--
-- Dumping data for table `newsletters`
--

INSERT INTO `newsletters` (`newsletterId`, `newsletterHeading`, `newsletterBody`, `active`, `type`, `creationDateTime`, `updatedDateTime`) VALUES
(7, 'Winter 2013', '<p align=\"center\"><img alt=\"\" src=\"/assets/images/user_images/images/harris_towers.jpg\" /></p>\n\n<p align=\"center\"><span><strong>WCC. 76</strong></span></p>\n\n<p align=\"center\"><span><strong>Harris Towers Newsletter</strong></span></p>\n\n<p align=\"center\"><span><strong>Winter 2013</strong></span></p>\n\n<p align=\"center\">&nbsp;</p>\n\n<p>&nbsp;</p>\n\n<p>Hello everyone. We hope you all had a safe and happy Christmas and New Year and are finally getting used to writing 2013 instead of 2012 on your cheques.</p>\n\n<p>&nbsp;</p>\n\n<p>How about a round of applause for Doug and Sylvia who did another Stellar job with the Christmas party and decorating of the Lobby in both buildings. The party was great and a good time was had by everyone. Thanks Guys!</p>\n\n<p>&nbsp;</p>\n\n<p>There have been some improvements to both buildings as outlined below.</p>\n\n<p>&nbsp;</p>\n\n<ol>\n	<li>The installation of the back flow valves has been completed with no problems.</li>\n	<li>Transformer maintenance by Horizon Utilities has been completed.</li>\n	<li>The installation of the top of car guarding for the elevators has been completed.</li>\n	<li>The pool maintenance has been completed with an acid wash and replacement of the railing.</li>\n	<li>The Sauna renovations for 40 Building have been completed.</li>\n	<li>New chairs have been purchased for the Library/Card Room in 30 building since the old ones were getting very dangerous with broken welds and sharp edges.</li>\n</ol>\n\n<p>&nbsp;</p>\n\n<p align=\"center\">&nbsp;</p>\n\n<p align=\"center\"><strong>Upcoming Projects</strong></p>\n\n<p align=\"center\">&nbsp;</p>\n\n<p>&nbsp;</p>\n\n<p align=\"center\"><strong>New &ldquo;Slider Windows&rdquo; Project</strong></p>\n\n<p>&nbsp;</p>\n\n<p>There is a very real issue with the slider windows in both buildings. Seals are broken, the windows shake and rattle in the wind and air leakage is very prevalent.</p>\n\n<p>&nbsp;</p>\n\n<p>To remedy this, a project has been initiated to investigate the replacement of the <strong><u>Slider windows</u></strong> in all the units for both buildings.</p>\n\n<p>&nbsp;</p>\n\n<p>&nbsp;An engineer has been hired to supervise and control the entire project. He will be sourcing a manufacturer and selecting a suitable installer. When these have been selected, a mock-up window replacement will be created and tested in one of the units for tightness and seals. If all goes well, the installation will then go ahead&hellip;..no time line as of yet.</p>\n\n<p>&nbsp;</p>\n\n<p>&nbsp;</p>\n\n<p align=\"center\"><strong>Condensation</strong></p>\n\n<p>&nbsp;</p>\n\n<p>Condensation on windows is a problem for some owners and investigation has shown that in all cases we looked at, humidifiers were set too high. Here are some guidelines for setting your humidifiers:</p>\n\n<p>&nbsp;</p>\n\n<p align=\"center\"><img alt=\"\" src=\"/assets/images/user_images/images/condensation.jpg\" style=\"width: 600px; height: 374px;\" /></p>\n\n<p align=\"center\"><strong>Parking Garage</strong></p>\n\n<p>&nbsp;</p>\n\n<p>There have been a number of problems and incidents regarding the Garage and at this time we would like to review some of the rules that are in place.</p>\n\n<p>&nbsp;</p>\n\n<p>Speed in all parts of the Garage is to be very slow. This is for the safety of residents walking to and from their cars as well as the garbage/recycling area.</p>\n\n<p>&nbsp;</p>\n\n<p><strong>It is very important to <u>SOUND YOUR HORN</u></strong> when going up or down the ramp connecting the two levels of parking.</p>\n\n<p>&nbsp;</p>\n\n<p>Children are not allowed in the Garage without Parental Supervision and must be made to understand that it is not a playground.</p>\n\n<p>&nbsp;</p>\n\n<p>Our Parking Garage is for the parking of vehicles only and <strong>can not</strong> be used for performing any type of mechanical maintenance including oil changes.</p>\n\n<p>&nbsp;</p>\n\n<p>You must obey the posted signs (stop, directional etc.).</p>\n\n<p>&nbsp;</p>\n\n<p>There is a procedure for entering and exiting the garage which requires you to stop after entering or exiting and wait for the door to close. This is to help prevent unauthorized entry. <strong>Please allow the door to close fully</strong> before swiping your key fob. This prevents excessive strain on the motor of the door opener.</p>\n\n<p>&nbsp;</p>\n\n<p>Finally, the Garage Door is for vehicles only and is not to be used as an entry point for pedestrians.</p>\n\n<p>&nbsp;</p>\n\n<p>&nbsp;</p>\n\n<p>&nbsp;</p>\n\n<p align=\"center\"><strong>Garbage Bin at the Plaza</strong></p>\n\n<p align=\"center\">&nbsp;</p>\n\n<p>Your board has been working with Councillor Chad Collins and the Head of the Illegal Dumping Enforcement Department of the Hamilton bylaw department.</p>\n\n<p>&nbsp;</p>\n\n<p>You may have noticed that the old bin with no top has been replaced. Intermittent surveillance has been</p>\n\n<p>started by the enforcement department to try and catch unauthorized people using the bin for their household garbage. We are asking you to keep a watch out for this and try to get a picture and/or license plate number of anyone you believe is dumping illegally. This can be forwarded to Chad Collins at 905-546-2716 or e-mail him at chad.collins@hamilton.ca. &nbsp;He will follow it up.</p>\n\n<p>&nbsp;</p>\n\n<p align=\"center\"><strong>Garbage and Recycling</strong></p>\n\n<p align=\"center\">&nbsp;</p>\n\n<p>The following rules are in effect for the garbage and recycling bins.</p>\n\n<p>It is your responsibility to ensure that you break down all cardboard boxes so that they fit properly in the blue bin. Do not leave the cardboard outside of the bin.</p>\n\n<p>The green small appliance recycling bin is not to be used for <strong>ANY</strong> renovation waste. It is for any metal you may have to discard or for small appliances or electronics that you no longer want (TV&rsquo;s, computers etc.). <strong>You can make arrangements to have large appliances removed from your unit by calling Bonnie at 289-921-6934 or Chris at 289-760-0041. They will be happy to remove them at no charge to you</strong>.</p>\n\n<p>&nbsp;</p>\n\n<p align=\"center\"><strong>Harris Towers Website</strong></p>\n\n<p align=\"center\">&nbsp;</p>\n\n<p>A Website for Harris Towers is being created. It will be used only by Owners and Residents of our Condominium. The hope is to make it into a useful information center.</p>\n\n<p>It will have newsletters, Condo rules and also allow for an exchange of ideas between residents and the Board. The Superintendent will be posting a lot of information as well as pictures from the various functions we have had such as Christmas Parties and the Ice Cream Social.</p>\n\n<p>&nbsp;</p>\n\n<p>Please rest assured that this will not replace the hand delivered notices that are necessary from time to time. It is recognized that there are some people who do not have computers or Internet access. Everyone will continue to receive hand delivered special notices.</p>\n\n<p>&nbsp;</p>\n\n<p>Attached to this newsletter is a form for you to fill out and hand in to the Superintendent which will ensure that you receive your Login ID and Password when the website is fully functional. If you don&rsquo;t have a password or login, you will not be able to take advantage of all the great things that will be available on this site. If all goes well, it should be up and running sometime in April.</p>\n\n<p>&nbsp;</p>\n\n<p align=\"center\"><strong>Swimming Pool</strong></p>\n\n<p>&nbsp;</p>\n\n<p>This is a reminder that visitors are allowed to use the pool but must <strong><u>always</u></strong> be accompanied by the Owner.&nbsp; It is also required by the Health Regulations that everyone <strong>must</strong> shower before using the pool.</p>\n\n<p>There are NO exceptions to these rules.</p>\n\n<p>&nbsp;</p>\n\n<p>&nbsp;</p>\n\n<p>&nbsp;</p>\n\n<p>&nbsp;</p>\n\n<p>&nbsp;</p>\n\n<p align=\"center\"><strong>A quick note from the WCC. 76 President</strong></p>\n\n<p align=\"center\">&nbsp;</p>\n\n<p align=\"center\">&nbsp;</p>\n\n<p>Wishing everybody a great 2013, again all is well financially with your condominium corporation. As with everyone else, I am also looking forward to the progress with the sliding windows replacement project. We will keep everyone posted when we get the report from our engineer.</p>\n\n<p>&nbsp;</p>\n\n<p>Hope to see you all around the building.</p>\n\n<p>&nbsp;</p>\n\n<p>&nbsp;</p>\n\n<p>&nbsp;</p>\n\n<p>&nbsp;</p>\n\n<p>&nbsp;</p>\n\n<p><strong>Registration Form For The Harris Towers Website</strong></p>\n\n<p align=\"center\">&nbsp;</p>\n\n<p>Please fill out the areas below in order to receive your Login and Password to the Harris Towers Website.</p>\n\n<p>If there are multiple users please fill out name and e-mail address for each.</p>\n\n<p>&nbsp;</p>\n\n<p>When completed, please drop off to Super&rsquo;s Office.</p>\n\n<p>&nbsp;</p>\n\n<p>When the Website is up and running, your password will be sent to you via e-mail along with a link to the site.</p>\n\n<p>&nbsp;</p>\n\n<p><strong>Example:</strong></p>\n\n<p>&nbsp;</p>\n\n<p>Unit Number: __408-30_________</p>\n\n<p>&nbsp;</p>\n\n<p>Name: Bill Calder____________________&nbsp;&nbsp;&nbsp;&nbsp;&nbsp;&nbsp; e-mail address: <a href=\"mailto:calder408@gmail.com_____________\">calder408@gmail.com_____________</a></p>\n\n<p>&nbsp;</p>\n\n<p>If you have any questions, please do not hesitate to contact me.</p>\n\n<p>&nbsp;</p>\n\n<p>Thanks,</p>\n\n<p>&nbsp;</p>\n\n<p>Bill Calder</p>\n\n<p>&nbsp;</p>\n\n<p><strong>----------------------------------------------------------------------------------------------------------------------------</strong></p>\n\n<p>&nbsp;</p>\n\n<p><strong>Please Print Clearly</strong></p>\n\n<p>&nbsp;</p>\n\n<p>&nbsp;</p>\n\n<p>Unit Number: ___________</p>\n\n<p>&nbsp;</p>\n\n<p>&nbsp;</p>\n\n<p>Name: _____________________________&nbsp;&nbsp;&nbsp;&nbsp;&nbsp;&nbsp; e-mail address: ________________________________</p>\n\n<p>&nbsp;</p>\n\n<p>&nbsp;</p>\n\n<p>Name: _____________________________&nbsp;&nbsp;&nbsp;&nbsp;&nbsp;&nbsp; e-mail address: ________________________________</p>\n\n<p>&nbsp;</p>\n\n<p>&nbsp;</p>\n\n<p>Name: _____________________________&nbsp;&nbsp;&nbsp;&nbsp;&nbsp;&nbsp; e-mail address: ________________________________</p>\n\n<p>&nbsp;</p>\n\n<p>&nbsp;</p>\n\n<p>Name: _____________________________&nbsp;&nbsp;&nbsp;&nbsp;&nbsp;&nbsp; e-mail address: ________________________________</p>\n\n<p>&nbsp;</p>\n\n<p>&nbsp;</p>\n\n<p>Please note that the new Website is not intended to stop the hand delivery of important notices or newsletters.</p>\n\n<p>&nbsp;</p>\n\n<p>The information you place on this form will not be used for anything other than communication with you. E-mail addresses and names will not be sold or given out to anyone.</p>\n\n<p align=\"center\">&nbsp;</p>\n\n<p align=\"center\">&nbsp;</p>\n\n<p align=\"center\">----------------------------------------------------------------------------------------------------</p>\n\n<p align=\"center\">&nbsp;</p>\n\n<p align=\"center\">&nbsp;</p>\n\n<p align=\"center\">&nbsp;</p>\n\n<p align=\"center\"><img alt=\"\" src=\"/assets/images/user_images/images/harris_towers.jpg\" style=\"width: 250px; height: 188px;\" /></p>\n\n<p align=\"center\">&nbsp;</p>\n\n<p align=\"center\">&nbsp;</p>\n\n<p align=\"center\"><strong>Harris Towers</strong></p>\n\n<p>&nbsp;</p>\n\n<p align=\"center\"><a href=\"mailto:harristowers@shaw.ca\">harristowers@shaw.ca</a></p>\n\n<p align=\"center\">&nbsp;</p>\n\n<p align=\"center\"><strong>Office # 905-560 5536&nbsp;&nbsp;&nbsp;&nbsp;&nbsp;&nbsp; Emergency # 289-439-4447</strong></p>\n\n<p align=\"center\">&nbsp;</p>\n\n<p align=\"center\">&nbsp;</p>\n\n<p align=\"center\">-------------------------------------------------------------------------------------------------------------</p>\n\n<p>&nbsp;</p>\n\n<p align=\"center\">&nbsp;</p>', 1, 'newsletter', '2013-02-03 08:19:00', '2013-04-11 08:51:29'),
(8, 'Spring 2012', '<p align=\"center\"><img alt=\"\" src=\"/assets/images/user_images/images/harris_towers.jpg\" /></p>\n\n<p align=\"center\"><strong>WCC. 76</strong></p>\n\n<p align=\"center\"><strong>Harris Towers Newsletter</strong></p>\n\n<p align=\"center\"><strong>Spring 2012</strong></p>\n\n<p>&nbsp;</p>\n\n<p>To all residents, there have been a few improvements done to both buildings, as per the&nbsp;following:</p>\n\n<ol>\n	<li>Exhaust fans have been upgraded in both underground parking areas. This has&nbsp;eliminated the use of continuous fans. New units have been replaced with carbon&nbsp;monoxide sensors, therefore resulting in tremendous hydro savings.</li>\n	<li>Lighting improvements, for the purpose of using less hydro and brighter hallways&nbsp;has been completed.</li>\n	<li>We have changed our landscaping company to ChrisCross Landscaping &amp;&nbsp;Design Inc. We feel they will maintain our property at a higher standard, with a&nbsp;proven record. And also will result in savings.</li>\n	<li>Pressure flushing of all kitchen stacks, has been completed. This should&nbsp;eliminate backups through sinks, in lower units. We thank all residents for their&nbsp;co-operation.</li>\n	<li>The BOD reviewed and discussed Elevators Modernization project and the fact&nbsp;that Corporation&rsquo;s current Elevator Contract with Schindler is valid until June 30th,&nbsp;2016. It was decided that Corporation will not proceed with this project at this&nbsp;time due to penalties involved that will need to be paid to the Schindler. This&nbsp;project will be revisited again in 2015.</li>\n</ol>\n\n<p>&nbsp;</p>\n\n<p style=\"text-align: center;\"><span style=\"font-size:18px;\"><em><strong>Upcoming Projects:</strong></em></span></p>\n\n<p style=\"text-align: center;\">&nbsp;</p>\n\n<ol>\n	<li>Cleaning of dryers and dryer exhausts has been approved, further information to&nbsp;follow.</li>\n	<li>Garage cleaning will take place on May 14th, 2012, further information to follow;&nbsp;everyone&rsquo;s co-operation will be appreciated.</li>\n	<li>Entrances to men and ladies change rooms and shower facility has been&nbsp;approved, to be completed. This will result in safer and more private area.</li>\n</ol>\n\n<p>&nbsp;</p>\n\n<p style=\"text-align: center;\"><span style=\"font-size:18px;\"><em><strong>Parking</strong></em></span></p>\n\n<p style=\"text-align: center;\">&nbsp;</p>\n\n<p>While we are sure that the majority of residents are aware of the rules set by the board in regards to underground and visitors parking it becomes necessary from time to time to remind residents of these rules. When it comes to overnight parking by visitors it is allowed by permit only, the permit can be obtained by calling the superintendent&rsquo;s office and leaving a message about details of the vehicle including the unit number they are visiting or by going to the superintendent&rsquo;s office and obtaining a visitors parking pass during normal working hours.</p>\n\n<p><br />\nIf a resident is leaving for a vacation and a guest is leaving with them it is not permitted to leave (store) the guest&rsquo;s vehicle in the visitors parking area while they are away. Alternate parking must be arranged.</p>\n\n<p><br />\nSome residents have taken it upon themselves to use the visitor&rsquo;s parking spaces as their &ldquo;daytime&rdquo; parking spot due to the convenience for themselves and only parking their vehicles in the underground at night. While this might prove to be convenient they must realize that there are over 200 vehicles in the underground parking which if all residents did this would leave no space for our visitors to park. While residents are permitted to use the visitors parking on a temporary basis up to one hour during the day. Thank you for your continued co-operation.</p>\n\n<p>&nbsp;</p>\n\n<p style=\"text-align: center;\"><span style=\"font-size:18px;\"><em><strong>Noise From Plaza</strong></em></span></p>\n\n<p style=\"text-align: center;\">&nbsp;</p>\n\n<p>***Garbage and delivery trucks are not to be in the plaza before 7am***. If you see this happening, please call Chad Collins office @905-546-2716 give them the date, time and a description of the truck or any extra information that you have will help them resolve the situation.</p>\n\n<p>&nbsp;</p>\n\n<p style=\"text-align: center;\"><span style=\"font-size:18px;\"><em><strong>Garbage and Recycling</strong></em></span></p>\n\n<p style=\"text-align: center;\">&nbsp;</p>\n\n<p>It is the responsibility as residents to breakdown all cardboard boxes and to put them in to proper recycling.</p>\n\n<p>&nbsp;</p>\n\n<p style=\"text-align: center;\"><span style=\"font-size:18px;\"><em><strong>Garage Entry and Exit</strong></em></span></p>\n\n<p style=\"text-align: center;\">&nbsp;</p>\n\n<p>Every resident is required to scan the reader when entering or exiting the garage.&nbsp;Please do not scan the reader if the garage door is on its way down.</p>\n\n<p>&nbsp;</p>\n\n<p style=\"text-align: center;\"><span style=\"font-size:18px;\"><em><strong>Renovations</strong></em></span></p>\n\n<p style=\"text-align: center;\">&nbsp;</p>\n\n<p>Please remember your contractor is your responsibility. The common areas such as&nbsp;hallways, elevators and loading dock areas must be kept clear of debris. Unit&nbsp;renovations are great, but please adhere to start and stop times. Monday to Saturday&nbsp;8am to 5pm, no work on Sundays or holidays.</p>\n\n<p>&nbsp;</p>\n\n<p style=\"text-align: center;\"><span style=\"font-size:18px;\"><em><strong>A quick note from the WCC.76 President.</strong></em></span></p>\n\n<p style=\"text-align: center;\">&nbsp;</p>\n\n<blockquote>\n<p>I am pleased to announce, that financially we continue to be in a great position. This&nbsp;has resulted in a zero percent increase in condominium fees for the fiscal year of 2012-&nbsp;2013. I hope everyone has a wonderful spring and summer and I look forward to seeing&nbsp;you around the building.</p>\n</blockquote>', 1, 'newsletter', '2012-03-23 07:50:57', '2013-03-23 07:56:28'),
(9, 'Autumn 2012', '<p align=\"center\"><img alt=\"\" src=\"/assets/images/user_images/images/harris_towers.jpg\" /></p>\n\n<p align=\"center\"><strong>WCC. 76</strong></p>\n\n<p align=\"center\"><strong>Harris Towers Newsletter</strong></p>\n\n<p align=\"center\"><strong>Autumn 2012</strong></p>\n\n<p align=\"center\">&nbsp;</p>\n\n<p>To all residents, there have been a few improvements done to both buildings, as per the&nbsp;following:</p>\n\n<ol>\n	<li>Entrance to the Ladies and Men&rsquo;s change rooms have been completed. This has&nbsp;resulted in a safer and more private area.</li>\n	<li>New bench&rsquo;s have been placed in the court yard and front entrance.</li>\n	<li>The sauna in 30 building is finally up and running, we hope everyone in 30&nbsp;building are enjoy the convenience.</li>\n</ol>\n\n<p style=\"text-align: center;\"><strong><em><span style=\"font-size:18px;\">Upcoming Projects</span></em></strong></p>\n\n<ol>\n	<li>Our buildings will require installation of back flow valves. This was forced upon&nbsp;us due to a new regulation with the municipality of the City of Hamilton.&nbsp;However due to the age of our buildings this will require for us to modify our fire&nbsp;prevention system to accommodate the new back flow system. This will happen&nbsp;in the fall with proper notification as both buildings will be without water for up to&nbsp;9 hours.</li>\n	<li>Horizon Utilities will be doing maintenance on our transformers sometime in&nbsp;October, proper notification will be sent as both buildings will be without power&nbsp;for up to 4 hours.</li>\n	<li>Our elevators will require modification to install top of car guarding. This is not a&nbsp;visual aspect to the elevators as it is for workers safety on top of the elevator, this&nbsp;has been mandated by TSSA. All residence will be notified, however there&nbsp;should not be any major inconveniences.</li>\n	<li>Our pool will require some maintenance to remove staining and repair minor&nbsp;bottom flaking, the pool will need to be drained and acid washed. This will&nbsp;possibly require the pool to be closed for a few days. We will notify when this&nbsp;will be happening.</li>\n</ol>\n\n<p>&nbsp;</p>\n\n<p style=\"text-align: center;\"><strong><em><span style=\"font-size:18px;\">Noise from Plaza</span></em></strong></p>\n\n<p style=\"text-align: center;\">&nbsp;</p>\n\n<p>We have been communicating with Chad Collins regarding the noise from the plaza. We will require everyone&rsquo;s&nbsp;help, if you notice any delivery trucks before 7am please gather as much information as possible. Take photos,&nbsp;record licence plate and name on trucks and forward all information to Chad Collins at 905-546-2716 or email&nbsp;him at Chad.Collins@hamilton.ca</p>\n\n<p>&nbsp;</p>\n\n<p style=\"text-align: center;\"><span style=\"font-size:18px;\"><em><strong>Garbage and Recycling</strong></em></span></p>\n\n<p>&nbsp;</p>\n\n<p>It is the responsibility as residents to breakdown all cardboard boxes and to put them in to proper recycling.</p>\n\n<p>&nbsp;</p>\n\n<p style=\"text-align: center;\"><span style=\"font-size:18px;\"><em><strong>Garage Entry &amp; Exit</strong></em></span></p>\n\n<p>&nbsp;</p>\n\n<p>Every resident is required to scan the reader when entering or exiting the garage. Please do not scan the reader if&nbsp;the garage door is on its way down.</p>\n\n<p><br />\nWe have found empty car oil canisters and when we had our draining stacks pressure washed there was&nbsp;suspension of oil residue in the stacks. It is not permitted for residents to change their oil in the garage and&nbsp;definitely not permitted to pour oil or grease in any drains.</p>\n\n<p>&nbsp;</p>\n\n<p style=\"text-align: center;\"><span style=\"font-size:18px;\"><em><strong>Pool</strong></em></span></p>\n\n<p style=\"text-align: center;\">&nbsp;</p>\n\n<p>We have noticed that some residence have been permitting more than 4 guest in the pool at a time, this not&nbsp;permitted as per our bylaws.</p>\n\n<p>&nbsp;</p>\n\n<p style=\"text-align: center;\"><span style=\"font-size:18px;\"><em><strong>A quick note from the WCC.76 President.</strong></em></span></p>\n\n<p>&nbsp;</p>\n\n<blockquote>\n<p>Looking forward to see everyone at our annual general meeting on September 26th at Elizabeth Bagshaw School,&nbsp;Multipurpose room , 350 Albright Rd, Hamilton , Ontario at 7pm registration will commence at 6:30 sharp. I hope&nbsp;everyone had a very enjoyable summer and I look forward to see you around the building.</p>\n</blockquote>\n\n<p>&nbsp;</p>\n\n<p>&nbsp;</p>', 1, 'newsletter', '2012-10-23 08:04:14', '2013-03-23 08:07:05'),
(10, 'Spring 2013', '<p align=\"center\">&nbsp;</p>\n\n<p align=\"center\"><strong>WCC. 76</strong></p>\n\n<p align=\"center\">&nbsp;</p>\n\n<p align=\"center\"><strong>Harris</strong><strong> Towers</strong><strong> Newsletter </strong></p>\n\n<p align=\"center\">&nbsp;</p>\n\n<p align=\"center\"><strong>Spring 2013</strong></p>\n\n<p align=\"center\">&nbsp;</p>\n\n<p>Hello everyone. We hope you all had a great winter and hopefully, the nice weather is just around the corner.</p>\n\n<p>First, we would like to give a big Thanks to Frank Brodnicki who has volunteered to work with our Landscaping company to supervise the planting of the flower beds and lawn maintenance.</p>\n\n<p>There have been some improvements to both buildings as outlined below.</p>\n\n<ol>\n	<li>The carpets on each floor and common areas of both buildings have been cleaned.</li>\n	<li>A new pool heater has been purchased and installed.</li>\n	<li>Doug has been painting in the common areas so please use caution to avoid brushing up against newly painted surfaces.</li>\n	<li>Steel corner guards are being installed on the elevator doorways to help prevent the chipping of paint.</li>\n</ol>\n\n<p align=\"center\"><strong>Special Note</strong></p>\n\n<p>Someone tried to steal the bench in front of the 30 Building but fortunately, it is bolted into the concrete so they were not successful.</p>\n\n<p>If you notice any vandalism or theft, please call the police. For your safety, do not confront anyone yourself.</p>\n\n<p align=\"center\"><strong>Upcoming Projects</strong></p>\n\n<p style=\"text-align: center;\"><strong>New &ldquo;Slider Windows&rdquo; Project</strong></p>\n\n<p>There is a very real issue with the slider windows in both buildings. Seals are broken, the windows shake and rattle in the wind and air leakage is very prevalent.</p>\n\n<p>To remedy this, a project has been initiated to investigate the replacement of the <strong><u>Slider windows</u></strong> in all the units for both buildings.</p>\n\n<p>&nbsp;A mock-up window replacement has been created and will be installed and tested in one of the units for tightness and seals. If all goes well, the installation contract for both buildings will be tendered.</p>\n\n<p style=\"text-align: center;\"><strong>Asphalt Repair</strong></p>\n\n<p>We are going to have the asphalt repaired or replaced where necessary in the parking lots, sealer will be applied to the whole area and lines and related marking will then be repainted.</p>\n\n<p style=\"text-align: center;\"><strong>Dryer Vent Cleaning</strong></p>\n\n<p>The dryer vents in each unit are going to be cleaned starting on May 13th &ndash; 18<sup>th</sup>.</p>\n\n<p>You will be notified a day in advance of your cleaning and we want you to check and make sure that the vent is accessible. If you are unhappy with the existing lint trap, there is one available for replacement at a nominal charge.</p>\n\n<p style=\"text-align: center;\"><strong>Parking Garage Cleaning</strong></p>\n\n<p>The Garage will be cleaned on May 14<sup>th</sup>, 2013. Please ensure all cars are removed from the garage prior to 8 A.M.</p>\n\n<p align=\"center\"><strong>Parking Garage</strong></p>\n\n<p>There have been a number of instances in the garage where people are driving too fast.</p>\n\n<p>Remember that your speed in the garage is to be <u>very slow</u>. There are a number of blind corners and the safety of pedestrians must be ensured.</p>\n\n<p><strong>PLEASE SLOW DOWN!!!</strong></p>\n\n<p><strong>Also, it is very important to <u>SOUND YOUR HORN</u></strong> when going up or down the ramp connecting the two levels of parking.</p>\n\n<p align=\"center\"><strong>Garbage and Recycling</strong></p>\n\n<p>The following rules are in effect for the garbage and recycling bins.</p>\n\n<p>It is your responsibility to ensure that you break down all cardboard boxes so that they fit properly in the blue bin. Do not leave the cardboard outside of the bin.</p>\n\n<p>The green small appliance recycling bin is <strong>not</strong> a &ldquo;Dump All&rdquo; and is not to be used for <strong>ANY</strong> renovation waste. It is for any metal you may have to discard or for small appliances or electronics that you no longer want (TV&rsquo;s, computers etc.). <strong>You can make arrangements to have large appliances removed from your unit by calling Bonnie at </strong><strong>289-921-6934</strong><strong>. She will be happy to arrange removal at no charge to you.</strong></p>\n\n<p style=\"text-align: center;\"><strong>Harris Towers Website</strong></p>\n\n<p>The Harris Towers Website is now up and running (<a href=\"http://harristowers.com/\">http://harristowers.com</a>). The Main page is available to anyone, however, the section that appears after you log in is only available to Owners and Residents of our Condominium.</p>\n\n<p>The Website has newsletters, announcements, classified ads, Contractor Rules, the Condo Handbook and also allows for an exchange of ideas between residents and the Board. The Superintendent will be posting information as well as pictures from the various functions we have had such as Christmas Parties and the Ice Cream Social.</p>\n\n<p>Please rest assured that this will not replace the hand delivered notices that are necessary from time to time. It is recognized that there are some people who do not have computers or Internet access. Everyone will continue to receive hand delivered special notices.</p>\n\n<p>If you don&rsquo;t have a password or login name, you will not be able to take advantage of all the great things that are available on this site. You can obtain your password and login name from the Super&rsquo;s office.</p>\n\n<p style=\"text-align: center;\"><strong>Harris Towers Workshop</strong></p>\n\n<p>Harris Towers has a fully equipped workshop and is available to all the Owners for a nominal fee of $25.00 per year and a one-time charge of $15.00 for a key.</p>\n\n<p>There are tool lockers available to users and there is also a separate painting room so that you can finish your projects without the worry of getting sawdust in the finished product.</p>\n\n<p>Please see the Super to enroll and obtain the key.</p>\n\n<p>&nbsp;</p>\n\n<p align=\"center\"><strong>A quick note from the WCC. 76 President</strong></p>\n\n<p align=\"center\">&nbsp;</p>\n\n<p>Wishing everybody a great Spring and Summer.</p>\n\n<p>All is well financially with your condominium corporation.</p>\n\n<p>I recommend that you explore the new Website. It is very well done and contains a lot of information.</p>\n\n<p>As with everyone else, I am also looking forward to the progress with the sliding windows replacement project.</p>\n\n<p>Hope to see you all in and around the building.</p>', 1, 'newsletter', '2013-05-03 15:50:54', NULL),
(11, 'Summer 2013', '<p align=\"center\"><strong>WCC. 76</strong></p>\n\n<p align=\"center\">&nbsp;</p>\n\n<p align=\"center\"><strong>Harris</strong><strong> Towers</strong><strong> Newsletter </strong></p>\n\n<p align=\"center\">&nbsp;</p>\n\n<p align=\"center\"><strong>Summer 2013</strong></p>\n\n<p align=\"center\">&nbsp;</p>\n\n<p>&nbsp;</p>\n\n<p>Hello everyone. We hope you are enjoying the summer, such as it is.</p>\n\n<p>As they say about Canadian weather, if you don&rsquo;t like it, wait 5 minutes.</p>\n\n<p>&nbsp;</p>\n\n<p>The flowers and landscaping are looking very good. We have some beautiful grounds and we hope you are enjoying them.</p>\n\n<p>&nbsp;</p>\n\n<p>There have been some improvements to both buildings as outlined below.</p>\n\n<p>&nbsp;</p>\n\n<ol>\n	<li>The parking lot has been sealed, resurfaced and repainted.</li>\n	<li>The dryer vents have been cleaned and a lot of people had their wall vents replaced.</li>\n	<li>The parking garage was cleaned.</li>\n</ol>\n\n<p align=\"center\">&nbsp;</p>\n\n<p align=\"center\"><strong>Special Notes</strong></p>\n\n<p>&nbsp;</p>\n\n<p>I would like to take a moment to talk about the Library in the Basement floor of the 30 Building.</p>\n\n<p>There are over 500 paperbacks available to all of us and the supply is constantly being refreshed.</p>\n\n<p>The books are there for your enjoyment and you may take them for free. You can also drop off any paperbacks in the drop off box, located in the Library. The Library itself has 6 tables and 24 chairs and is where cards are played (Cribbage on Wednesdays and Bid Euchre on Fridays).</p>\n\n<p>&nbsp;</p>\n\n<p>The Library is maintained by the &ldquo;Library Ladies&rdquo; who are also known as Maureen Brodnicki, Mel Parker and Phyllis Tvrdy. They volunteered for this 6 years ago and are doing a great job stacking and categorizing the books.</p>\n\n<p>Ladies, your tireless work is very much appreciated.</p>\n\n<p>&nbsp;</p>\n\n<p align=\"center\"><strong>Elevators</strong></p>\n\n<p align=\"center\">&nbsp;</p>\n\n<p>The elevators have an alarm button on the control panel. If you are trapped in the elevator, do not panic, push the alarm button and wait for help to arrive. If you have a cell phone, call the Superintendent.</p>\n\n<p>&nbsp;</p>\n\n<p>Anyone who hears the alarm coming from the elevator should call the Superintendent&rsquo;s emergency phone number at <strong>289-439-4447</strong>.</p>\n\n<p>&nbsp;</p>\n\n<p align=\"center\"><strong>Upcoming and Completed Projects</strong></p>\n\n<p>&nbsp;</p>\n\n<p align=\"center\"><strong>New &ldquo;Slider Windows&rdquo; Project</strong></p>\n\n<p>&nbsp;</p>\n\n<p>Installation of a replacement bedroom slider window and the kitchen window has been completed in the Super&rsquo;s Unit. Testing is still being carried out and there is nothing to report at this time.</p>\n\n<p>&nbsp;</p>\n\n<p>&nbsp;</p>\n\n<p align=\"center\"><strong>Asphalt Repair</strong></p>\n\n<p>&nbsp;</p>\n\n<p>The Asphalt has now been repaired, resealed and repainted. It looks great and we would like to thank everyone for their patience while this was going on.</p>\n\n<p>&nbsp;</p>\n\n<p>&nbsp;</p>\n\n<p align=\"center\"><strong>Dryer Vent Cleaning</strong></p>\n\n<p align=\"center\">&nbsp;</p>\n\n<p>The dryer vent ductwork in each unit of both buildings has been cleaned.</p>\n\n<p>A lot of people took advantage of the replacement lint traps available for purchase and it is a much better lint collecting system.</p>\n\n<p>&nbsp;</p>\n\n<p align=\"center\"><strong>Parking Garage Cleaning</strong></p>\n\n<p>&nbsp;</p>\n\n<p>The Garage was cleaned on May 14<sup>th</sup>, 2013.</p>\n\n<p>&nbsp;</p>\n\n<p align=\"center\"><strong>Ice Cream Social</strong></p>\n\n<p align=\"center\">&nbsp;</p>\n\n<p>The annual Ice Cream Social has been scheduled for July 24<sup>th</sup> at 7:00 pm.</p>\n\n<p>It will be held in the Tennis Court area and it is recommended that you bring your lawn chairs.</p>\n\n<p>Come on out, have an Ice Cream Sundae and meet your neighbours. There is no charge and water will be provided or you can bring your own beverage.</p>\n\n<p>&nbsp;</p>\n\n<p align=\"center\">&nbsp;</p>\n\n<p align=\"center\"><strong>Parking Garage Rules</strong></p>\n\n<p>&nbsp;</p>\n\n<p>There have been a number of instances in the garage where people are driving too fast.</p>\n\n<p>Remember that your speed in the garage is to be <u>very slow</u>. There are a number of blind corners and the safety of pedestrians must be ensured.</p>\n\n<p><strong>PLEASE SLOW DOWN!!!</strong></p>\n\n<p><strong>Also, it is very important to <u>SOUND YOUR HORN</u></strong> when going up or down the ramp connecting the two levels of parking.</p>\n\n<p>&nbsp;</p>\n\n<p>Remember when you are entering or exiting the Garage, you are required to wait until the door closes before continuing on your way. The ONLY exceptions are if someone else is there and swipes their key fob, in which case you may leave or the Superintendent has the doors open for service.</p>\n\n<p>&nbsp;</p>\n\n<p>&nbsp;</p>\n\n<p align=\"center\"><strong>Garbage and Recycling</strong></p>\n\n<p align=\"center\">&nbsp;</p>\n\n<p>The following rules are in effect for the garbage and recycling bins.</p>\n\n<p>It is your responsibility to ensure that you break down all cardboard boxes so that they fit properly in the blue bin. Do not leave the cardboard outside of the bin.</p>\n\n<p>&nbsp;</p>\n\n<p>The green small appliance recycling bin is <strong>not</strong> a &ldquo;Dump All&rdquo; and is not to be used for <strong>ANY</strong> renovation waste. It is for any metal you may have to discard or for small appliances or electronics that you no longer want (TV&rsquo;s, computers etc.). <strong>You can make arrangements to have large appliances removed from your unit by calling Bonnie at </strong><strong>289-921-6934</strong><strong>. She will be happy to arrange removal at no charge to you.</strong></p>\n\n<p>&nbsp;</p>\n\n<p align=\"center\"><strong>Harris Towers Website</strong></p>\n\n<p align=\"center\">&nbsp;</p>\n\n<p>The Harris Towers Website is now up and running (<a href=\"http://harristowers.com/\">http://harristowers.com</a>). The Main page is available to anyone, however, the section that appears after you log in is only available to Owners and Residents of our Condominium.</p>\n\n<p>&nbsp;</p>\n\n<p>The Website has newsletters, announcements, classified ads, Contractor Rules, the Condo Handbook and also pictures from the various functions we have had such as Christmas Parties and the Ice Cream Social.</p>\n\n<p>It also allows for an exchange of ideas between residents and the Board. The Superintendent will be posting information as well as updating the event calendar.</p>\n\n<p>&nbsp;</p>\n\n<p>Please rest assured that this will not replace the hand delivered notices that are necessary from time to time. It is recognized that there are some people who do not have computers or Internet access. Everyone will continue to receive hand delivered special notices.</p>\n\n<p>&nbsp;</p>\n\n<p>If you don&rsquo;t have a password or login name, you will not be able to take advantage of all the great things that are available on this site. You can obtain your password and login name from the Super&rsquo;s office.</p>\n\n<p>&nbsp;</p>\n\n<p align=\"center\"><strong>Grease in the Sewer Stacks</strong></p>\n\n<p>&nbsp;</p>\n\n<p>We recently had to have 2 of the main sewer stacks in the 40 building cleaned out because they were clogged. The contractor stated that it was mostly due to grease and cooking oil that people are pouring down the drains.</p>\n\n<p>Doug, the Superintendent has told us that he is more than willing to dispose of oil and grease if it is left in a SEALED container on top of the blue garbage bin.</p>\n\n<p>&nbsp;</p>\n\n<p align=\"center\"><strong>A quick note from the WCC. 76 President</strong></p>\n\n<p align=\"center\">&nbsp;</p>\n\n<p>Wishing everybody a great Summer.</p>\n\n<p>All is well financially with your condominium corporation.</p>\n\n<p>I recommend that you explore the new Website. It is very well done and contains a lot of information.</p>\n\n<p>As with everyone else, I am also looking forward to the progress with the sliding windows replacement project.</p>\n\n<p>&nbsp;</p>\n\n<p>See you at the Ice Cream Social on July 24<sup>th</sup>.</p>\n\n<p><br clear=\"all\" />\n&nbsp;</p>\n\n<p align=\"center\"><strong>Harris</strong><strong> Towers</strong></p>\n\n<p>&nbsp;</p>\n\n<p align=\"center\">e-mail :&nbsp; <a href=\"mailto:harristowers@shaw.ca\">harristowers@shaw.ca</a></p>\n\n<p>&nbsp;&nbsp;&nbsp;&nbsp;&nbsp;&nbsp;&nbsp;&nbsp;&nbsp;&nbsp;&nbsp;&nbsp;&nbsp;&nbsp;&nbsp;&nbsp;&nbsp;&nbsp;&nbsp;&nbsp;&nbsp;&nbsp;&nbsp;&nbsp;&nbsp;&nbsp;&nbsp;&nbsp;&nbsp;&nbsp;&nbsp;&nbsp;&nbsp;&nbsp;&nbsp;&nbsp;&nbsp;&nbsp;&nbsp;&nbsp;&nbsp;&nbsp;&nbsp;&nbsp;&nbsp;&nbsp;&nbsp; &nbsp;&nbsp;&nbsp;&nbsp;&nbsp;&nbsp;&nbsp;&nbsp; website : &nbsp;http:\\\\harristowers.com</p>\n\n<p align=\"center\">&nbsp;</p>\n\n<p align=\"center\"><strong>Office # 905-560 5536&nbsp;&nbsp;&nbsp;&nbsp;&nbsp;&nbsp; Emergency # 289-439-4447</strong></p>\n\n<p align=\"center\">&nbsp;</p>\n\n<p align=\"center\">&nbsp;</p>\n\n<p align=\"center\">-------------------------------------------------------------------------------------------------------------</p>\n\n<p>&nbsp;</p>\n\n<p align=\"center\">&nbsp;</p>', 1, 'newsletter', '2013-07-19 14:05:10', NULL);
INSERT INTO `newsletters` (`newsletterId`, `newsletterHeading`, `newsletterBody`, `active`, `type`, `creationDateTime`, `updatedDateTime`) VALUES
(12, 'Fall 2013', '<p align=\"center\"><span style=\"font-family: &quot;Times New Roman&quot;,&quot;serif&quot;; font-size: 12pt; mso-fareast-font-family: SimSun; mso-fareast-language: ZH-CN; mso-ansi-language: EN-US; mso-bidi-language: AR-SA;\"><!--[if gte vml 1]><v:shapetype id=\"_x0000_t75\"\n coordsize=\"21600,21600\" o:spt=\"75\" o:preferrelative=\"t\" path=\"m@4@5l@4@11@9@11@9@5xe\"\n filled=\"f\" stroked=\"f\">\n <v:stroke joinstyle=\"miter\"/>\n <v:formulas>\n  <v:f eqn=\"if lineDrawn pixelLineWidth 0\"/>\n  <v:f eqn=\"sum @0 1 0\"/>\n  <v:f eqn=\"sum 0 0 @1\"/>\n  <v:f eqn=\"prod @2 1 2\"/>\n  <v:f eqn=\"prod @3 21600 pixelWidth\"/>\n  <v:f eqn=\"prod @3 21600 pixelHeight\"/>\n  <v:f eqn=\"sum @0 0 1\"/>\n  <v:f eqn=\"prod @6 1 2\"/>\n  <v:f eqn=\"prod @7 21600 pixelWidth\"/>\n  <v:f eqn=\"sum @8 21600 0\"/>\n  <v:f eqn=\"prod @7 21600 pixelHeight\"/>\n  <v:f eqn=\"sum @10 21600 0\"/>\n </v:formulas>\n <v:path o:extrusionok=\"f\" gradientshapeok=\"t\" o:connecttype=\"rect\"/>\n <o:lock v:ext=\"edit\" aspectratio=\"t\"/>\n</v:shapetype><v:shape id=\"_x0000_i1025\" type=\"#_x0000_t75\" style=\'width:131.25pt;\n height:98.25pt\'>\n <v:imagedata src=\"file:///C:\\Users\\Bill\\AppData\\Local\\Temp\\msohtmlclip1\\01\\clip_image001.jpg\"\n  o:title=\"Harris Towers_009\"/>\n</v:shape><![endif]--><!--[if !vml]--><!--[if gte vml 1]><v:shapetype id=\"_x0000_t75\"\n coordsize=\"21600,21600\" o:spt=\"75\" o:preferrelative=\"t\" path=\"m@4@5l@4@11@9@11@9@5xe\"\n filled=\"f\" stroked=\"f\">\n <v:stroke joinstyle=\"miter\"/>\n <v:formulas>\n  <v:f eqn=\"if lineDrawn pixelLineWidth 0\"/>\n  <v:f eqn=\"sum @0 1 0\"/>\n  <v:f eqn=\"sum 0 0 @1\"/>\n  <v:f eqn=\"prod @2 1 2\"/>\n  <v:f eqn=\"prod @3 21600 pixelWidth\"/>\n  <v:f eqn=\"prod @3 21600 pixelHeight\"/>\n  <v:f eqn=\"sum @0 0 1\"/>\n  <v:f eqn=\"prod @6 1 2\"/>\n  <v:f eqn=\"prod @7 21600 pixelWidth\"/>\n  <v:f eqn=\"sum @8 21600 0\"/>\n  <v:f eqn=\"prod @7 21600 pixelHeight\"/>\n  <v:f eqn=\"sum @10 21600 0\"/>\n </v:formulas>\n <v:path o:extrusionok=\"f\" gradientshapeok=\"t\" o:connecttype=\"rect\"/>\n <o:lock v:ext=\"edit\" aspectratio=\"t\"/>\n</v:shapetype><v:shape id=\"_x0000_i1025\" type=\"#_x0000_t75\" style=\'width:131.25pt;\n height:98.25pt\'>\n <v:imagedata src=\"file:///C:\\Users\\Bill\\AppData\\Local\\Temp\\msohtmlclip1\\01\\clip_image001.jpg\"\n  o:title=\"Harris Towers_009\"/>\n</v:shape><![endif]--><!--[if !vml]--><!--[endif]--><!--[endif]--></span></p>\n\n<p align=\"center\">&nbsp;</p>\n\n<p align=\"center\"><strong>WCC. 76</strong></p>\n\n<p align=\"center\">&nbsp;</p>\n\n<p align=\"center\"><strong>Harris</strong><strong> Towers</strong><strong> Newsletter </strong></p>\n\n<p align=\"center\">&nbsp;</p>\n\n<p align=\"center\"><strong>Fall 2013</strong></p>\n\n<p align=\"center\">&nbsp;</p>\n\n<p>&nbsp;</p>\n\n<p>Hello everyone. We hope you had a great summer.</p>\n\n<p>Fall is here and the leaves are changing colour making for some gorgeous scenery.</p>\n\n<p>&nbsp;</p>\n\n<p>There have been some improvements to both buildings as outlined below.</p>\n\n<p>&nbsp;</p>\n\n<ol>\n	<li>The fireplaces and chimneys have been cleaned and inspected.</li>\n	<li>The two replacement windows installed in the Super&rsquo;s unit have been tested and passed.</li>\n	<li>We had the Ice Cream social on July 24<sup>th</sup> and everyone had an enjoyable time.</li>\n	<li>Gardens and lawn makeover &ndash; Hats Off to Frank Brodnecki, Sylvia and Criss Cross Landscaping for a beautiful job.</li>\n</ol>\n\n<p align=\"center\">&nbsp;</p>\n\n<p align=\"center\"><strong>Special Notes</strong></p>\n\n<p>&nbsp;</p>\n\n<p>This Newsletter is the Board of Directors way of keeping you up to date on things that have been happening in and around the two buildings. Previous editions of the newsletter are available for viewing on the Website.</p>\n\n<p>If you know of any person or activity you would like to see mentioned in the newsletter, please let me know. You can send comments or ideas to <a href=\"mailto:calder408@gmail.com\">calder408@gmail.com</a> or call Bill at 905-538-6060.</p>\n\n<p>&nbsp;</p>\n\n<p>A tip of the hat to Beverley Cadieux. She has taken it upon herself to put all those wonderful pictures in the elevators. They are holiday and season themed and she does a great job with them.</p>\n\n<p>Thanks Bev.</p>\n\n<p>&nbsp;</p>\n\n<p>&nbsp;</p>\n\n<p align=\"center\"><strong>Upcoming and Completed Projects</strong></p>\n\n<p>&nbsp;</p>\n\n<p align=\"center\"><strong>New &ldquo;Slider Windows&rdquo; Replacement Project</strong></p>\n\n<p>&nbsp;</p>\n\n<p>Testing of new windows installed in the Super&rsquo;s unit has been completed. They were tested for water and air leakage and general stability. We are happy to say that they have now passed all tests and on receipt of the Engineering report, the next stage will be sending out the installation contract for tender.</p>\n\n<p>&nbsp;</p>\n\n<p>&nbsp;</p>\n\n<p>&nbsp;</p>\n\n<p align=\"center\"><strong>Annual General Meeting (AGM)</strong></p>\n\n<p>&nbsp;</p>\n\n<p>The AGM was held on October 2<sup>nd</sup> and there was a very good turnout. We welcome back our President, Mike Cadieux who was reelected to the Board of Directors for another three year term. Sonia Wira was also elected to a three year term. Welcome aboard Sonia.</p>\n\n<p>&nbsp;</p>\n\n<p align=\"center\"><strong>Security Cameras Upgrade</strong></p>\n\n<p align=\"center\">&nbsp;</p>\n\n<p>The integrity of the security cameras was brought into question as a result of a recent attempted theft of the bench in front of the 30 Building. An investigation of the cameras found that the images from the outside cameras were inadequate for positive identification of vehicles and people. The cameras are older analogue technology and did not provide clear, crisp pictures. We have upgraded those cameras to current digital technology with four new digital cameras that can zoom and also have infra-red capability for night. We also repositioned them and now have a clear capture of the entire parking lot including entrance to the parking lot, entrances to the buildings as well as both loading doors. There is also a camera covering the courtyard area.</p>\n\n<p>The inside cameras were found to be adequate and will continue to monitor the important common areas in our buildings. These cameras are all analogue and it was decided to replace these cameras with digital units only when they fail and need replacement.</p>\n\n<p>&nbsp;</p>\n\n<p align=\"center\">&nbsp;</p>\n\n<p align=\"center\"><strong>Parking Garage Rules</strong></p>\n\n<p>&nbsp;</p>\n\n<p>There have been a number of instances in the garage where people are driving too fast.</p>\n\n<p>Remember that your speed in the garage is to be <u>very slow</u>. There are a number of blind corners and the safety of pedestrians must be ensured.</p>\n\n<p><strong>PLEASE SLOW DOWN!!!</strong></p>\n\n<p><strong>Also, it is very important to <u>SOUND YOUR HORN</u></strong> when going up or down the ramp connecting the two levels of parking.</p>\n\n<p>&nbsp;</p>\n\n<p>Remember when you are entering or exiting the Garage, you are required to <strong>wait until the door closes</strong> before continuing on your way. The ONLY exceptions are another car entering or exiting or if the Superintendent has the doors open for service.</p>\n\n<p>&nbsp;</p>\n\n<p>If you pull up to the door and it has started to close, <strong>please let it close</strong> before you swipe your key fob to open it. Otherwise, it puts a great strain on the motor when it has to suddenly stop and reverse. Servicing this door is expensive so please do your part to minimize the number of service calls.</p>\n\n<p>&nbsp;</p>\n\n<p>Please note that the door is for vehicles only. There is NO pedestrian traffic allowed in or out through this door.</p>\n\n<p>&nbsp;</p>\n\n<p align=\"center\"><strong>Garbage and Recycling</strong></p>\n\n<p align=\"center\">&nbsp;</p>\n\n<p>The following rules are in effect for the garbage and recycling bins.</p>\n\n<p>It is your responsibility to ensure that you break down all cardboard boxes so that they fit properly in the blue bin. Do not leave the cardboard outside of the bin.</p>\n\n<p>&nbsp;</p>\n\n<p>The green small appliance recycling bin is <strong>not</strong> a &ldquo;Dump All&rdquo; and is not to be used for <strong>ANY</strong> renovation waste or other garbage. It is for any metal you may have to discard or for small appliances or electronics that you no longer want (TV&rsquo;s, computers etc.). <strong>You can make arrangements to have large appliances removed from your unit by calling Bonnie at </strong><strong>289-921-6934</strong><strong>. She will be happy to arrange removal at no charge to you.</strong></p>\n\n<p>&nbsp;</p>\n\n<p align=\"center\"><strong>Used Cooking Oil</strong></p>\n\n<p align=\"center\">&nbsp;</p>\n\n<p>The last newsletter mentioned that used cooking oil should not be poured down the drain due to clogging of the waste stacks. Doug, the Superintendent is more than willing to dispose of oil and grease if it is left in a <strong>SEALED</strong> container on top of the blue garbage bin.</p>\n\n<p>&nbsp;</p>\n\n<p>He is happy to report that many people have complied with this request so a big &ldquo;Hats Off&rdquo; to those people who have taken this situation seriously.</p>\n\n<p>&nbsp;</p>\n\n<p>On the same note, it should be mentioned that the clumping cat litter should not be poured down any drain because it can create a solid plug in the piping and is very hard to break up.</p>\n\n<p align=\"center\">&nbsp;</p>\n\n<p align=\"center\"><strong>Harris Towers Website</strong></p>\n\n<p align=\"center\">&nbsp;</p>\n\n<p>The Harris Towers Website is now up and running (<a href=\"http://harristowers.com/\">http://harristowers.com</a>). The Main page is available to anyone, however, the section that appears after you log in is only available to Owners and Residents of our Condominium.</p>\n\n<p>&nbsp;</p>\n\n<p>The Website has newsletters, announcements, classified ads, Contractor Rules, the Condo Handbook and also pictures from the various functions we have had such as Christmas Parties and the Ice Cream Social.</p>\n\n<p>It also allows for an exchange of ideas between residents and the Board. The Superintendent will be posting information as well as updating the event calendar. You can also book the party room from the calendar on the website.</p>\n\n<p>&nbsp;</p>\n\n<p>Please rest assured that this will not replace the hand delivered notices that are necessary from time to time. It is recognized that there are some people who do not have computers or Internet access. Everyone will continue to receive hand delivered special notices.</p>\n\n<p>&nbsp;</p>\n\n<p>If you don&rsquo;t have a password or login name, you will not be able to take advantage of all the great things that are available on this site. You can obtain your password and login name from the Super&rsquo;s office.</p>\n\n<p>&nbsp;</p>\n\n<p>The very popular Christmas Party for all residents has been booked for December 18, 2013 at 7:00 pm in the 40 Building Party Room. It is planned and hosted by our Superintendents so please mark it on your calendar and we hope to see you there.</p>\n\n<p>&nbsp;</p>\n\n<p>&nbsp;</p>\n\n<p align=\"center\"><strong>A quick note from the WCC. 76 President</strong></p>\n\n<p align=\"center\">&nbsp;</p>\n\n<p>Wishing everybody a great Fall.</p>\n\n<p>All is well financially with your condominium corporation.</p>\n\n<p>I recommend that you explore the new Website. It is very well done and contains a lot of information.</p>\n\n<p align=\"center\">&nbsp;</p>\n\n<p align=\"center\">&nbsp;</p>\n\n<p align=\"center\">&nbsp;</p>\n\n<p align=\"center\"><strong>Harris</strong><strong> Towers</strong></p>\n\n<p>&nbsp;</p>\n\n<p align=\"center\">e-mail :&nbsp; <a href=\"mailto:harristowers@shaw.ca\">harristowers@shaw.ca</a></p>\n\n<p>&nbsp;&nbsp;&nbsp;&nbsp;&nbsp;&nbsp;&nbsp;&nbsp;&nbsp;&nbsp;&nbsp;&nbsp;&nbsp;&nbsp;&nbsp;&nbsp;&nbsp;&nbsp;&nbsp;&nbsp;&nbsp;&nbsp;&nbsp;&nbsp;&nbsp;&nbsp;&nbsp;&nbsp;&nbsp;&nbsp;&nbsp;&nbsp;&nbsp;&nbsp;&nbsp;&nbsp;&nbsp;&nbsp;&nbsp;&nbsp;&nbsp;&nbsp;&nbsp;&nbsp;&nbsp;&nbsp;&nbsp; &nbsp;&nbsp;&nbsp;&nbsp;&nbsp;&nbsp;&nbsp;&nbsp; website : &nbsp;http:\\\\harristowers.com</p>\n\n<p align=\"center\">&nbsp;</p>\n\n<p align=\"center\"><strong>Office # 905-560 5536&nbsp;&nbsp;&nbsp;&nbsp;&nbsp;&nbsp; Emergency # 289-439-4447</strong></p>', 1, 'newsletter', '2013-11-04 09:35:27', NULL),
(13, 'Special Winter Edition 2013', '<p>&nbsp;&nbsp;</p>\n\n<p>&nbsp;&nbsp;&nbsp;&nbsp;&nbsp;&nbsp;&nbsp;&nbsp;&nbsp;&nbsp;&nbsp;&nbsp;&nbsp;&nbsp;&nbsp;&nbsp;&nbsp;&nbsp;&nbsp;&nbsp;&nbsp;&nbsp;&nbsp;&nbsp;&nbsp;&nbsp;&nbsp;&nbsp;&nbsp;&nbsp;&nbsp;&nbsp;&nbsp;&nbsp;&nbsp;&nbsp;&nbsp;&nbsp;&nbsp;&nbsp;&nbsp;&nbsp;&nbsp;&nbsp;&nbsp;&nbsp;&nbsp;&nbsp;&nbsp;&nbsp;&nbsp;&nbsp;&nbsp;&nbsp;&nbsp;&nbsp;&nbsp;&nbsp;&nbsp;&nbsp;&nbsp;&nbsp;&nbsp;&nbsp;&nbsp;&nbsp;&nbsp; WCC. 76</p>\n\n<p>&nbsp;&nbsp;&nbsp;&nbsp;&nbsp;&nbsp;&nbsp;&nbsp;&nbsp;&nbsp;&nbsp;&nbsp;&nbsp;&nbsp;&nbsp;&nbsp;&nbsp;&nbsp;&nbsp;&nbsp;&nbsp;&nbsp;&nbsp;&nbsp;&nbsp;&nbsp;&nbsp;&nbsp;&nbsp;&nbsp;&nbsp;&nbsp;&nbsp;&nbsp;&nbsp;&nbsp;&nbsp;&nbsp;&nbsp;&nbsp;&nbsp;&nbsp;&nbsp;&nbsp;&nbsp;&nbsp;&nbsp;&nbsp;&nbsp;&nbsp;&nbsp;&nbsp;&nbsp; Harris Towers Newsletter</p>\n\n<p>&nbsp;&nbsp;&nbsp;&nbsp;&nbsp;&nbsp;&nbsp;&nbsp;&nbsp;&nbsp;&nbsp;&nbsp;&nbsp;&nbsp;&nbsp;&nbsp;&nbsp;&nbsp;&nbsp;&nbsp;&nbsp;&nbsp;&nbsp;&nbsp;&nbsp;&nbsp;&nbsp;&nbsp;&nbsp;&nbsp;&nbsp;&nbsp;&nbsp;&nbsp;&nbsp;&nbsp;&nbsp;&nbsp;&nbsp;&nbsp;&nbsp;&nbsp;&nbsp;&nbsp;&nbsp;&nbsp;&nbsp;&nbsp;&nbsp;&nbsp;&nbsp;&nbsp;&nbsp;&nbsp;&nbsp;&nbsp;&nbsp;&nbsp;&nbsp; &nbsp;2013 Special Issue</p>\n\n<p><br />\nHello everyone. We hope your plans for the Holidays are going well.</p>\n\n<p>Winter is upon us now and you should make sure you are ready for it. Dress warm and wear shoes or boots that provide you with good traction on the slippery sidewalks.</p>\n\n<p>This particular newsletter is being sent in order to address some problems that have occurred in the past few months. Please make sure you read and fully understand the following:</p>\n\n<p>The Board has received complaints about what sounds like residents operating treadmills in their units very early in the mornings. This is very disturbing and inconsiderate to your neighbours and restricting usage until after 9:00 am is requested.</p>\n\n<p>There have also been complaints about people doing their laundry late at night. The Condo rules state specifically that washers and dryers must not be used between the hours of 10:00 pm and 8:00 am.<br />\nThere is a lot of noise created by these machines and the noise travels to adjacent apartment (above, below and on either side). Be considerate and follow this rule.</p>\n\n<p>There have been a number of times where the privacy of the Board Members is not being respected.<br />\nDo not knock on our doors and expect us to resolve something for you. Any decisions made are made as a whole by the board and your problem or questions will not be resolved by any one Board Member. If you have an issue that needs to be looked at, please write a letter to the Board and drop it off at Doug&rsquo;s office during working hours. The Board meeting dates are posted on the bulletin boards. Please ensure that delivery of your letter is received at least a week before the next meeting so we can include it in the agenda. It will then be reviewed and answered.</p>\n\n<p>We recently had a situation where someone decided they had to move on a Sunday and ended up creating a real hardship for people by tying up an elevator. Moving or renovation is not allowed on Sundays and Holidays. If you need the elevator for a move on Monday to Saturday, please talk to the Superintendent and he will put the elevator on service and hang the protective padding.</p>\n\n<p>The Bulletin Boards are used as an information center for the owners and residents of the Condos. Content appearing on the boards is at the discretion of the Superintendent and he has the final decision as to what can be posted. If you want to post something that is not Condo related, you must obtain permission from the Super in order to post it. Be aware that any notices posted without permission will be removed by the Super at his discretion.</p>\n\n<p>You can also advertise on the Website at http://www.harristowers.com subject to final approval by the Super.</p>\n\n<p>The Board of Directors wishes you all a Merry Christmas and a prosperous and healthy New Year.</p>\n\n<p>&nbsp;</p>\n\n<p>&nbsp;</p>\n\n<p>----------------------------------------------------------------------------------------------------</p>\n\n<p>&nbsp;</p>\n\n<p>&nbsp;</p>\n\n<p><br />\nHarris Towers</p>\n\n<p>e-mail :&nbsp; harristowers@shaw.ca<br />\n&nbsp;&nbsp;&nbsp;&nbsp;&nbsp;&nbsp;&nbsp;&nbsp;&nbsp;&nbsp;&nbsp;&nbsp; website :&nbsp; http:\\\\harristowers.com</p>\n\n<p>Office # 905-560 5536&nbsp;&nbsp;&nbsp;&nbsp;&nbsp;&nbsp; Emergency # 289-439-4447</p>\n\n<p><br />\n-------------------------------------------------------------------------------------------------------------</p>\n\n<p>&nbsp;</p>\n\n<p>&nbsp;&nbsp;&nbsp;&nbsp;&nbsp;&nbsp;&nbsp;&nbsp;&nbsp;&nbsp;&nbsp;&nbsp;&nbsp;&nbsp;&nbsp;&nbsp;&nbsp;&nbsp;&nbsp;&nbsp;&nbsp;&nbsp;&nbsp;&nbsp;&nbsp;&nbsp;&nbsp;&nbsp;&nbsp;&nbsp;&nbsp;&nbsp;&nbsp;&nbsp;&nbsp;&nbsp;&nbsp;&nbsp;&nbsp;&nbsp;&nbsp;&nbsp;&nbsp;</p>', 1, 'newsletter', '2014-01-09 05:15:28', NULL),
(14, 'Winter 2014', '<p>~~</p>\n\n<p>WCC. 76</p>\n\n<p>Harris Towers Newsletter</p>\n\n<p>Winter 2014</p>\n\n<p><br />\nHello everyone.<br />\nThis has been a very cold, snowy old fashioned winter. We hope you have all coped well with it and are now looking forward to the spring and warmer temperatures.</p>\n\n<p>Special Notes</p>\n\n<p>This Newsletter is the Board of Directors way of keeping you up to date on things that have been happening in and around the two buildings. It is also a way to for us to reiterate some rules and regulations that you may not be aware of or have forgotten.</p>\n\n<p>Previous editions of the newsletter are available for viewing on the Website at <a href=\"http://harristowers.com\">http://harristowers.com</a> along with lots of other good stuff.</p>\n\n<p>If you know of any person or activity you would like to see mentioned in the newsletter, please let me know. You can send comments or ideas to <a href=\"mailto:calder408@gmail.com\">calder408@gmail.com</a> or call Bill at 905-538-6060.</p>\n\n<p>New &ldquo;Slider Windows&rdquo; Replacement Project</p>\n\n<p>The windows project is moving along and the tenders for the installation will be sent out soon. It is a major project and at this point in time, we do not anticipate any special assessment will be required.</p>\n\n<p>Littering</p>\n\n<p>Lately, there has been a lot of litter in an around the elevators and the loading docks. This consists mostly of non-winning Roll up the rim cups and the plastic lids.<br />\nWe ask you to please hang on to your litter until you can deposit it into the garbage and not leave it on the floor of wherever you happen to be. Make sure that guests and contractors are also aware of this.</p>\n\n<p>Odors in the hallways</p>\n\n<p>Cooking odors can and do permeate the hallways when you are creating your culinary masterpieces. Not everyone finds them pleasant so we are asking you to please turn on your kitchen exhaust fan when you are cooking.</p>\n\n<p>Condensation</p>\n\n<p>Excessive water or icing up on the inside of windows is a sure sign that the humidity is too high in your unit. Condensation on windows is a real problem and it can lead to expensive repairs. Damage caused by this (drywall, woodwork etc.) is not covered by the Condo Corporation.</p>\n\n<p>Investigations this year have shown that in all cases looked at, humidity was too high. You may need to run a dehumidifier in order to bring down the humidity levels.</p>\n\n<p>Here are some guidelines for setting your humidifiers:</p>\n\n<p>&nbsp;</p>\n\n<p>Convert Farenheit to Celsius - <a href=\"http://www.onlineconversion.com/temperature.htm\">http://www.onlineconversion.com/temperature.htm</a></p>\n\n<p>Elevators</p>\n\n<p>Ongoing problems with the elevators, especially in 40 Building, prompted an investigation by the Board. An elevator in 40 building had only been working for 4 days since December and this was not acceptable. It was determined that our current elevator maintenance contractor was not performing to the level required in our contract.</p>\n\n<p>A representative from Steel City Elevator was invited to inspect the elevators in the presence of a board member and the superintendent. We saw numerous instances of poor maintenance practices and safety violations. We convened an emergency meeting with the board and it was decided with 100% approval to break the contract with the existing elevator contractor and lock them out of the buildings, citing a breach of contract on their part.</p>\n\n<p>Steel City Elevator was given the approval to fix the elevators and had them running properly within 24 hours. They have continued to run perfectly.</p>\n\n<p>It was decided to award Steel City Elevators a three year contract for the maintenance of our elevators.</p>\n\n<p>&nbsp;</p>\n\n<p>&nbsp;</p>\n\n<p>Toilet Inspection</p>\n\n<p>Older toilets in our condos have become a problem due to seals breaking down with age. Some of the toilets are original and the seals have never been replaced.<br />\nIt is the responsibility of each owner to be diligent in having their toilets inspected for leakage. This is not the responsibility of the condo corporation. If damages occur to other units, the repair costs will be charged back to the unit owner. Toilets that are continually running can break down the seals. This is also a waste of water which we pay for with our Condo fees.<br />\nAs a precaution, owners should have the wax seals replaced if they are old and ensure that toilets are in good working order. Everyone&rsquo;s cooperation would be appreciated.</p>\n\n<p>Parking Garage Rules</p>\n\n<p>Remember that your speed in the garage is to be very slow. There are a number of blind corners and the safety of pedestrians must be ensured.<br />\nPLEASE SLOW DOWN!!!</p>\n\n<p>Also, it is very important to SOUND YOUR HORN if you intend to go up or down the ramp connecting the two levels of parking and observe the posted stop signs.</p>\n\n<p>Remember when you are entering or exiting the Garage, you are required to wait until the door closes before continuing on your way. The ONLY exceptions are another car entering or exiting or if the Superintendent has the doors open for service.</p>\n\n<p>If you pull up to the door and it has started to close, let it close before you swipe your key fob to open it. Otherwise, it puts a great strain on the motor when it has to suddenly stop and reverse. We all pay for servicing this door and it is expensive so please do your part to minimize the number of service calls.</p>\n\n<p>Please note that the door is for vehicles only. There is NO pedestrian traffic allowed in or out through this door.</p>\n\n<p>Garage Parking Spot Rental</p>\n\n<p>Every Unit in both buildings has a parking spot assigned to the Unit. There are some people who have no vehicle and so the spot remains empty.<br />\nSome people have more than one vehicle and wish to rent another spot. If your parking space is empty and you would like to rent it to someone else, see the Super (Doug) and he can help you out by finding a person who needs your spot and is willing to pay you for it.</p>\n\n<p>Garbage and Recycling</p>\n\n<p>The following rules are in effect for the garbage and recycling bins.<br />\nIt is your responsibility to ensure that you break down all cardboard boxes so that they fit properly in the blue bin. Do not leave the cardboard outside of the bin.</p>\n\n<p>The green small appliance recycling bin is not a &ldquo;Dump All&rdquo; and is not to be used for ANY renovation waste or other garbage. It is for any metal you may have to discard or for small appliances or electronics that you no longer want (TV&rsquo;s, computers etc.). You can make arrangements to have large appliances removed from your unit by calling Bonnie at 289-921-6934. She will be happy to arrange removal at no charge to you.</p>\n\n<p><br />\nFacilities in our Buildings</p>\n\n<p>Here are a few things to remember when making use of the facilities.</p>\n\n<p>The pool and the games room can be used by non-residents only if the resident is in attendance.<br />\nThe Exercise room is for the exclusive use of Residents. Non- residents are not allowed in it at any time.<br />\nThe workshop is for Residents only providing they are part of the Workshop group.<br />\n&nbsp;<br />\nAccess to your Condo</p>\n\n<p>There was a recent problem where someone had left their Condo with water running. There was concern from the unit below them that the water currently running down the drain would overflow and cause damages. The Super was called and he determined that he did not have a key for the unit and so was unable to go in and turn off the water. A note was left on the door. Two days later, the owner returned and shut off the water. Fortunately, no leakage occurred but the water running for 2 days will add to the water and sewer bill that we all pay through our Condo fees. What a waste!!!</p>\n\n<p>The above stresses the importance of allowing the Super to have a key to your Condo. In the case of an emergency, there is no option for the responding EMS other than to break down the door to gain access.</p>\n\n<p>Please ensure that the Super can gain access to your Condo in the event of an emergency for your own safety as well as the safety of your neighbours. Our bylaws state very clearly that &ldquo;The Corporation shall retain a key to all locks on a unit. No Owner shall change any lock or place any additional locks on the doors to any unit without immediately providing to the Corporation a key for each new or changed lock.&rdquo;. If you have not done so yet, please provide a key to your unit to Doug. He is charged with only using the key in the case of an emergency or required safety inspection in the absence of the Owner.</p>\n\n<p>Harris Towers Website</p>\n\n<p>The Website has newsletters, announcements, classified ads, Contractor Rules, the Condo Handbook and pictures from the various functions we have had such as Christmas Parties and the Ice Cream Social.<br />\nYou can also book the party room from the calendar on the website.</p>\n\n<p>Please rest assured that the Website does not replace the hand delivered notices that are necessary from time to time. It is recognized that there are some people who do not have computers or Internet access. Everyone will continue to receive hand delivered special notices.</p>\n\n<p>If you don&rsquo;t have a password or login name, you will not be able to take advantage of all the great things that are available on this site. You can obtain your password and login name from the Super&rsquo;s office.</p>\n\n<p><br />\nA quick note from the WCC. 76 President</p>\n\n<p><br />\nWishing everybody a great Winter.<br />\nAll is well financially with your condominium corporation.<br />\nLike you, I am eagerly awaiting the return of spring.</p>\n\n<p>&nbsp;</p>\n\n<p>&nbsp;</p>\n\n<p>----------------------------------------------------------------------------------------------------</p>\n\n<p>&nbsp;</p>\n\n<p>&nbsp;</p>\n\n<p><br />\nHarris Towers</p>\n\n<p>e-mail :&nbsp; <a href=\"mailto:harristowers@shaw.ca\">harristowers@shaw.ca</a><br />\n&nbsp;&nbsp;&nbsp;&nbsp;&nbsp;&nbsp;&nbsp;&nbsp;&nbsp;&nbsp;&nbsp;&nbsp; website :&nbsp; http:\\\\harristowers.com</p>\n\n<p>Office # 905-560 5536&nbsp;&nbsp;&nbsp;&nbsp;&nbsp;&nbsp; Emergency # 289-439-4447</p>\n\n<p><br />\n-------------------------------------------------------------------------------------------------------------</p>\n\n<p>&nbsp;</p>', 2, 'newsletter', '2014-03-01 08:07:38', NULL),
(15, 'Winter 2014', '<p>&nbsp;</p>\n\n<p style=\"text-align: center;\">WCC. 76</p>\n\n<p style=\"text-align: center;\">Harris Towers Newsletter</p>\n\n<p style=\"text-align: center;\">Winter 2014</p>\n\n<p><br />\nHello everyone.<br />\nThis has been a very cold, snowy old fashioned winter. We hope you have all coped well with it and are now looking forward to the spring and warmer temperatures.</p>\n\n<p style=\"text-align: center;\"><strong>Special Notes</strong></p>\n\n<p>This Newsletter is the Board of Directors way of keeping you up to date on things that have been happening in and around the two buildings. It is also a way to for us to reiterate some rules and regulations that you may not be aware of or have forgotten.</p>\n\n<p>Previous editions of the newsletter are available for viewing on the Website at http://harristowers.com along with lots of other good stuff.</p>\n\n<p>If you know of any person or activity you would like to see mentioned in the newsletter, please let me know. You can send comments or ideas to calder408@gmail.com or call Bill at 905-538-6060.</p>\n\n<p style=\"text-align: center;\"><strong>New &ldquo;Slider Windows&rdquo; Replacement Project</strong></p>\n\n<p>The windows project is moving along and the tenders for the installation will be sent out soon. It is a major project and at this point in time, we do not anticipate any special assessment will be required.</p>\n\n<p style=\"text-align: center;\"><strong>Littering</strong></p>\n\n<p>Lately, there has been a lot of litter in an around the elevators and the loading docks. This consists mostly of non-winning Roll up the rim cups and the plastic lids.<br />\nWe ask you to please hang on to your litter until you can deposit it into the garbage and not leave it on the floor of wherever you happen to be. Make sure that guests and contractors are also aware of this.</p>\n\n<p>Odors in the hallways</p>\n\n<p>Cooking odors can and do permeate the hallways when you are creating your culinary masterpieces. Not everyone finds them pleasant so we are asking you to please turn on your kitchen exhaust fan when you are cooking.</p>\n\n<p>Condensation</p>\n\n<p>Excessive water or icing up on the inside of windows is a sure sign that the humidity is too high in your unit. Condensation on windows is a real problem and it can lead to expensive repairs. Damage caused by this (drywall, woodwork etc.) is not covered by the Condo Corporation.</p>\n\n<p>Investigations this year have shown that in all cases looked at, humidity was too high. You may need to run a dehumidifier in order to bring down the humidity levels.</p>\n\n<p style=\"text-align: center;\"><strong>Elevators</strong></p>\n\n<p>Ongoing problems with the elevators, especially in 40 Building, prompted an investigation by the Board. An elevator in 40 building had only been working for 4 days since December and this was not acceptable. It was determined that our current elevator maintenance contractor was not performing to the level required in our contract.</p>\n\n<p>A representative from Steel City Elevator was invited to inspect the elevators in the presence of a board member and the superintendent. We saw numerous instances of poor maintenance practices and safety violations. We convened an emergency meeting with the board and it was decided with 100% approval to break the contract with the existing elevator contractor and lock them out of the buildings, citing a breach of contract on their part.</p>\n\n<p>Steel City Elevator was given the approval to fix the elevators and had them running properly within 24 hours. They have continued to run perfectly.</p>\n\n<p>It was decided to award Steel City Elevators a three year contract for the maintenance of our elevators.</p>\n\n<p style=\"text-align: center;\"><strong>Toilet Inspection</strong></p>\n\n<p>Older toilets in our condos have become a problem due to seals breaking down with age. Some of the toilets are original and the seals have never been replaced.<br />\nIt is the responsibility of each owner to be diligent in having their toilets inspected for leakage. This is not the responsibility of the condo corporation. If damages occur to other units, the repair costs will be charged back to the unit owner. Toilets that are continually running can break down the seals. This is also a waste of water which we pay for with our Condo fees.<br />\nAs a precaution, owners should have the wax seals replaced if they are old and ensure that toilets are in good working order. Everyone&rsquo;s cooperation would be appreciated.</p>\n\n<p style=\"text-align: center;\"><strong>Parking Garage Rules</strong></p>\n\n<p>Remember that your speed in the garage is to be very slow. There are a number of blind corners and the safety of pedestrians must be ensured.<br />\nPLEASE SLOW DOWN!!!</p>\n\n<p>Also, it is very important to SOUND YOUR HORN if you intend to go up or down the ramp connecting the two levels of parking and observe the posted stop signs.</p>\n\n<p>Remember when you are entering or exiting the Garage, you are required to wait until the door closes before continuing on your way. The ONLY exceptions are another car entering or exiting or if the Superintendent has the doors open for service.</p>\n\n<p>If you pull up to the door and it has started to close, let it close before you swipe your key fob to open it. Otherwise, it puts a great strain on the motor when it has to suddenly stop and reverse. We all pay for servicing this door and it is expensive so please do your part to minimize the number of service calls.</p>\n\n<p>Please note that the door is for vehicles only. There is NO pedestrian traffic allowed in or out through this door.</p>\n\n<p style=\"text-align: center;\"><strong>Garage Parking Spot Rental</strong></p>\n\n<p>Every Unit in both buildings has a parking spot assigned to the Unit. There are some people who have no vehicle and so the spot remains empty.<br />\nSome people have more than one vehicle and wish to rent another spot. If your parking space is empty and you would like to rent it to someone else, see the Super (Doug) and he can help you out by finding a person who needs your spot and is willing to pay you for it.</p>\n\n<p style=\"text-align: center;\"><strong>Garbage and Recycling</strong></p>\n\n<p>The following rules are in effect for the garbage and recycling bins.<br />\nIt is your responsibility to ensure that you break down all cardboard boxes so that they fit properly in the blue bin. Do not leave the cardboard outside of the bin.</p>\n\n<p>The green small appliance recycling bin is not a &ldquo;Dump All&rdquo; and is not to be used for ANY renovation waste or other garbage. It is for any metal you may have to discard or for small appliances or electronics that you no longer want (TV&rsquo;s, computers etc.). You can make arrangements to have large appliances removed from your unit by calling Bonnie at 289-921-6934. She will be happy to arrange removal at no charge to you.</p>\n\n<p style=\"text-align: center;\"><br />\n<strong>Facilities in our Buildings</strong></p>\n\n<p>Here are a few things to remember when making use of the facilities.</p>\n\n<p style=\"text-align: center;\">The pool and the games room can be used by non-residents only if the resident is in attendance.<br />\nThe Exercise room is for the exclusive use of Residents. Non- residents are not allowed in it at any time.<br />\nThe workshop is for Residents only providing they are part of the Workshop group.<br />\n&nbsp;<br />\n<strong>Access to your Condo</strong></p>\n\n<p>There was a recent problem where someone had left their Condo with water running. There was concern from the unit below them that the water currently running down the drain would overflow and cause damages. The Super was called and he determined that he did not have a key for the unit and so was unable to go in and turn off the water. A note was left on the door. Two days later, the owner returned and shut off the water. Fortunately, no leakage occurred but the water running for 2 days will add to the water and sewer bill that we all pay through our Condo fees. What a waste!!!</p>\n\n<p>The above stresses the importance of allowing the Super to have a key to your Condo. In the case of an emergency, there is no option for the responding EMS other than to break down the door to gain access.</p>\n\n<p>Please ensure that the Super can gain access to your Condo in the event of an emergency for your own safety as well as the safety of your neighbours. Our bylaws state very clearly that &ldquo;The Corporation shall retain a key to all locks on a unit. No Owner shall change any lock or place any additional locks on the doors to any unit without immediately providing to the Corporation a key for each new or changed lock.&rdquo;. If you have not done so yet, please provide a key to your unit to Doug. He is charged with only using the key in the case of an emergency or required safety inspection in the absence of the Owner.</p>\n\n<p style=\"text-align: center;\"><strong>Harris Towers Website</strong></p>\n\n<p>The Website has newsletters, announcements, classified ads, Contractor Rules, the Condo Handbook and pictures from the various functions we have had such as Christmas Parties and the Ice Cream Social.<br />\nYou can also book the party room from the calendar on the website.</p>\n\n<p>Please rest assured that the Website does not replace the hand delivered notices that are necessary from time to time. It is recognized that there are some people who do not have computers or Internet access. Everyone will continue to receive hand delivered special notices.</p>\n\n<p>If you don&rsquo;t have a password or login name, you will not be able to take advantage of all the great things that are available on this site. You can obtain your password and login name from the Super&rsquo;s office.</p>\n\n<p style=\"text-align: center;\"><br />\n<strong>A quick note from the WCC. 76 President</strong></p>\n\n<p><br />\nWishing everybody a great Winter.<br />\nAll is well financially with your condominium corporation.<br />\nLike you, I am eagerly awaiting the return of spring.</p>\n\n<p>&emsp;</p>\n\n<p><br />\n----------------------------------------------------------------------------------------------------</p>\n\n<p>&nbsp;</p>\n\n<p>&nbsp;</p>\n\n<p style=\"text-align: center;\"><br />\n<strong>Harris Towers</strong></p>\n\n<p style=\"text-align: center;\"><strong>e-mail :&nbsp; harristowers@shaw.ca<br />\n&nbsp;&nbsp;&nbsp;&nbsp;&nbsp;&nbsp;&nbsp;&nbsp;&nbsp;&nbsp;&nbsp;&nbsp; website :&nbsp; http:\\\\harristowers.com</strong></p>\n\n<p style=\"text-align: center;\"><strong>Office # 905-560 5536&nbsp;&nbsp;&nbsp;&nbsp;&nbsp;&nbsp; Emergency # 289-439-4447</strong></p>\n\n<p><br />\n-------------------------------------------------------------------------------------------------------------</p>\n\n<p>&nbsp;</p>', 1, 'newsletter', '2014-03-10 14:28:06', '2014-03-10 14:33:24'),
(16, 'Spring Special 2014', '<p style=\"text-align: center;\"><strong>Special Newsletter for Early Spring 2014</strong></p>\n\n<p><br />\nIt has been a long, cold winter and soon, thoughts will be turning to sitting out on our balconies and enjoying all that the spring and summer have to offer us.<br />\nTo that end, we thought we would give you a reminder of the Section 98 requirements regarding your balconies.</p>\n\n<p style=\"text-align: center;\"><br />\n<strong>What is a Section 98 and how does it apply to me.</strong></p>\n\n<p><br />\nThe Condominium Act, 1998, has 2 sections that deal with the common elements in a Condominium.<br />\nSection 97 describes the rules in effect for the repair or maintenance of common elements and Section 98 describes the rules in effect for balconies, also known as a common area with exclusive use by the owner of the unit.<br />\nThe overriding rule for section 98 is that no owner is allowed to make any changes or alterations to the balcony or its structure without the approval of the Board of Directors. This approval can only happen if the owners fill out a Section 98 form (obtained from the Super or the Property Manager) outlining the changes requested. If the Board approves it, the owner must then have it registered at the Land Titles Office before any work is started.<br />\nThe changes, if approved, become the responsibility of the Unit Owner with regards to any maintenance or repair needed to the changed elements.<br />\nThe changes currently approved by the Board are for screens and air conditioning but other changes may be approved as well.<br />\nIf you currently have any changes in place on your balcony and they were not registered by you or a previous owner, it is your responsibility to retroactively obtain a section 98 form, get approval by the Board and register it with the Land Titles Office.<br />\nPlease note that there is a charge for the registration and it is the Owners responsibility to pay it.<br />\nThere is a link to the full Condominium Act 1998&nbsp;located under &ldquo;Outside Links&rdquo; in the Owners drop down list.</p>\n\n<p style=\"text-align: center;\"><strong>Other Events Planned</strong></p>\n\n<p><br />\nThe parking garage is scheduled to be cleaned on May 14, 2014. This means that all your cars must be out of the garage on that day to facilitate the cleaning.</p>\n\n<p><br />\nThe cleaning of the outside surfaces of the windows is scheduled for June 19th, 2014 for 30 building and June 20th, 2014 for 40 building.<br />\n&nbsp;</p>', 1, 'newsletter', '2014-03-28 21:33:28', '2014-03-28 21:40:13');
INSERT INTO `newsletters` (`newsletterId`, `newsletterHeading`, `newsletterBody`, `active`, `type`, `creationDateTime`, `updatedDateTime`) VALUES
(17, 'Spring 2014', '<p align=\"center\"><strong>WCC. 76</strong></p>\n\n<p align=\"center\">&nbsp;</p>\n\n<p align=\"center\"><strong>Harris</strong><strong> Towers</strong><strong> Newsletter </strong></p>\n\n<p align=\"center\">&nbsp;</p>\n\n<p align=\"center\"><strong>Spring 2014</strong></p>\n\n<p>Hello everyone.</p>\n\n<p>This has been a very cold, snowy old fashioned winter. We hope you have all coped well with it and are now looking forward to the spring and warmer temperatures.</p>\n\n<p>We would like to take this opportunity to welcome all the new residents to our condominium and strongly urge you to read your handbook and get familiar with our rules and bylaws.</p>\n\n<p align=\"center\"><strong>Special Notes</strong></p>\n\n<p>This Newsletter is the Board of Directors way of keeping you up to date on things that have been happening in and around the two buildings. It is also a way to for us to reiterate some rules and regulations that you may not be aware of or have forgotten.</p>\n\n<p>Previous editions of the newsletter are available for viewing on the Website at <a href=\"http://harristowers.com\">http://harristowers.com</a> along with lots of other good stuff. You can obtain your password for the Owner&rsquo;s area from the Superintendent.</p>\n\n<p>If you know of any person or activity you would like to see mentioned in the newsletter, please let me know. You can send comments or ideas to <a href=\"mailto:calder408@gmail.com\">calder408@gmail.com</a> or call Bill at 905-538-6060.</p>\n\n<p>The parking garage has been cleaned. Thanks to everyone for their cooperation.</p>\n\n<p>The waste stacks in both buildings have recently been cleaned out.</p>\n\n<p>The common element carpet cleaning is scheduled for June 09, 2014 for 30 Building and June 10<sup>th</sup> 2014 for 40 Building.</p>\n\n<p>The cleaning of the outside surfaces of the windows is scheduled for June 19<sup>th</sup>, 2014 for 30 building and June 20<sup>th</sup>, 2014 for 40 building.</p>\n\n<p>Planting of our gardens is now under way and Doug and Sylvia are performing their magic again. The grounds are starting to take shape and things are looking good.</p>\n\n<p align=\"center\"><strong>New &ldquo;Slider Windows&rdquo; Replacement Project</strong></p>\n\n<p>The windows project is now a reality. The installation bids have all been reviewed and an installer has been selected. &nbsp;D&eacute;cor Building Restoration has been awarded the contract and will start when the windows are delivered, hopefully within 8 weeks. Completion of the installs for both buildings should take approx. 18 weeks. The total cost is being funded by our reserve fund and no special assessment is planned. We will still have a very healthy reserve fund upon completion.</p>\n\n<p><strong>It is your responsibility to provide clear access to the windows and to remove any window coverings.</strong></p>\n\n<p align=\"center\"><strong>Littering</strong></p>\n\n<p>Lately, there has been a lot of litter in an around the elevators and the loading docks. We ask you to please hang on to your litter until you can deposit it into the garbage and not leave it on the floor of wherever you happen to be. Make sure that guests and contractors are also aware of this.</p>\n\n<p align=\"center\"><strong>Parking Garage Rules</strong></p>\n\n<p>Remember that your speed in the garage is to be <strong><u>very slow</u></strong>. There are a number of blind corners and the safety of pedestrians must be ensured. <strong>PLEASE SLOW DOWN!!!</strong></p>\n\n<p><strong>Also, it is very important to <u>SOUND YOUR HORN</u></strong> if you intend to go up or down the ramp connecting the two levels of parking. Observe the posted stop signs.</p>\n\n<p>Remember when you are entering or exiting the Garage, you are required to <strong>wait until the door closes</strong> before continuing on your way. The ONLY exceptions are another car entering or exiting or if the Superintendent has the doors open for service.</p>\n\n<p>If you pull up to the door and it has started to close, <strong>let it close</strong> before you swipe your key fob to open it. Otherwise, it puts a great strain on the motor when it has to suddenly stop and reverse. We all pay for servicing this door and it is expensive so please do your part to minimize the number of service calls.</p>\n\n<p>Please note that the door is for vehicles only. There is NO pedestrian traffic allowed in or out through this door.</p>\n\n<p align=\"center\"><strong>Garbage and Recycling</strong></p>\n\n<p>The following rules are in effect for the garbage and recycling bins.</p>\n\n<p>It is your responsibility to ensure that you break down all cardboard boxes so that they fit properly in the blue bin. Do not leave the cardboard outside of the bin.</p>\n\n<p>The green small appliance recycling bin is <strong>not</strong> a &ldquo;Dump All&rdquo; and is not to be used for <strong>ANY</strong> renovation waste or other garbage. It is for any metal you may have to discard or for small appliances or electronics that you no longer want (TV&rsquo;s, computers etc.). <strong>You can make arrangements to have large appliances removed from your unit by calling Bonnie at </strong><strong>289-921-6934</strong><strong>. She will be happy to arrange removal at no charge to you.</strong></p>\n\n<p>The garbage and recycling areas are under constant video surveillance and those who do not follow the rules will be identified and the waste in question will be returned to you for proper disposal.</p>\n\n<p align=\"center\"><strong>Facilities in our Buildings</strong></p>\n\n<p>Here are a few things to remember when making use of the facilities.</p>\n\n<p>The pool and the games room can be used by non-residents <strong>only</strong> if the resident is in attendance.</p>\n\n<p>The Exercise room is for the <em>exclusive</em> use of Residents. Non- residents are not allowed in it at any time.</p>\n\n<p>The workshop is for Residents only providing they are part of the Workshop group. You can join this group by getting a key from Doug. The cost is $25.00 for membership and a $15.00 key deposit.</p>\n\n<p align=\"center\"><strong>Games Room</strong></p>\n\n<p>The Games room is undergoing a long overdue renovation. The renovations include painting, new pool cues, new stands for the cues, an overhead light for the pool table, tables and chairs and new dartboards. These renovations are being undertaken by our Superintendents Doug and Sylvia who are supplying the labour at no charge. They are doing a great job and it will be very nice when they are finished.</p>\n\n<p align=\"center\"><strong>Access to your Condo</strong></p>\n\n<p>It is very important for the Super to have a key to your Condo. In the case of an emergency, there is no option for the responding EMS other than to break down the door to gain access.</p>\n\n<p>Please ensure that the Super can gain access to your Condo in the event of an emergency for your own safety as well as the safety of your neighbours. Our bylaws state very clearly that <strong><em>&ldquo;The Corporation shall retain a key to all locks on a unit. No Owner shall change any lock or place any additional locks on the doors to any unit without immediately providing to the Corporation a key for each new or changed lock.&rdquo;</em></strong>. If you have not done so yet, please provide a key to your unit to Doug. He is charged with only using the key in the case of an emergency or required safety inspection in the absence of the Owner.</p>\n\n<p align=\"center\"><strong>Harris Towers Website</strong></p>\n\n<p>The Website has a wealth of information such as newsletters, announcements, classified ads, Contractor Rules, the Condo Handbook and pictures from the various functions we have had such as Christmas Parties and the Ice Cream Social.</p>\n\n<p>You can also book the party room from the calendar on the website. There is also a link to the Condominium act.</p>\n\n<p>The Website does not replace the hand delivered notices that are necessary from time to time. It is recognized that there are some people who do not have computers or Internet access. Everyone will continue to receive hand delivered special notices.</p>\n\n<p>If you don&rsquo;t have a password or login name, you will not be able to take advantage of all the great things that are available on this site. You can obtain your password and login name from the Super&rsquo;s office.</p>\n\n<p align=\"center\"><strong>Storage Lockers</strong></p>\n\n<p>A storage locker is provided with each Condo and there are some rules that must be adhered to.</p>\n\n<p>Items must be stored inside the lockers only. Do not put anything on top because the fire code requires that there be 18&rdquo; of space between the top of the lockers and the sprinkler heads.</p>\n\n<p align=\"center\"><strong>Visitor Parking</strong></p>\n\n<p>Visitor parking spaces are clearly marked at the side of the buildings and are to be used by bona fide visitor vehicles only. If visitors are staying overnight or for a few days, a parking registration card should be placed on the front dashboard so that it is easily seen. These are available from the Superintendent.</p>\n\n<p>Residents, under Section 5.2 of the Rules and Regulations may park in the visitor parking area no longer than a 60-minute period. Residents who have more vehicles than parking spaces owned, must make arrangements to rent an extra parking space if available. Some unit owners may have a parking space for rent. Make an inquiry to the Superintendent.</p>\n\n<p>Visitors are not allowed to park in the underground garage.</p>\n\n<p>Residents who abuse the use of the visitor parking area are subject to a fine and possible tow-away.</p>\n\n<p align=\"center\"><strong>Used Cooking Oil</strong></p>\n\n<p>Please remember that used cooking oil should not be poured down the drain due to clogging of the waste stacks. Doug, the Superintendent is more than willing to dispose of oil and grease if it is left in a <strong>SEALED</strong> container on top of the blue garbage bin.</p>\n\n<p>On the same note, clumping cat litter should not be poured down any drain because it can create a solid plug in the piping and is very hard to break up.</p>\n\n<p align=\"center\"><strong>A quick note from the WCC. 76 President</strong></p>\n\n<p>Wishing everybody a great Summer.</p>\n\n<p>All is well financially with your condominium corporation.</p>\n\n<p align=\"center\">&nbsp;</p>\n\n<p align=\"center\">----------------------------------------------------------------------------------------------------</p>\n\n<p align=\"center\"><strong>Harris</strong><strong> Towers</strong></p>\n\n<p align=\"center\">e-mail :&nbsp; <a href=\"mailto:harristowers@shaw.ca\">harristowers@shaw.ca</a></p>\n\n<p>&nbsp;&nbsp;&nbsp;&nbsp;&nbsp;&nbsp;&nbsp;&nbsp;&nbsp;&nbsp;&nbsp;&nbsp;&nbsp;&nbsp;&nbsp;&nbsp;&nbsp;&nbsp;&nbsp;&nbsp;&nbsp;&nbsp;&nbsp;&nbsp;&nbsp;&nbsp;&nbsp;&nbsp;&nbsp;&nbsp;&nbsp;&nbsp;&nbsp;&nbsp;&nbsp;&nbsp;&nbsp;&nbsp;&nbsp;&nbsp;&nbsp;&nbsp;&nbsp;&nbsp;&nbsp;&nbsp;&nbsp; &nbsp;&nbsp;&nbsp;&nbsp;&nbsp;&nbsp;&nbsp;&nbsp; website : &nbsp;http://harristowers.com</p>\n\n<p align=\"center\"><strong>Office # 905-560 5536&nbsp;&nbsp;&nbsp;&nbsp;&nbsp;&nbsp; Emergency # 289-439-4447</strong></p>\n\n<p align=\"center\">&nbsp;</p>', 1, 'newsletter', '2014-06-28 16:46:07', NULL),
(18, 'Summer 2014', '<p align=\"center\">&nbsp;</p>\n\n<p align=\"center\"><strong>WCC. 76</strong></p>\n\n<p align=\"center\"><strong>Harris</strong><strong> Towers</strong><strong> Newsletter </strong></p>\n\n<p align=\"center\"><strong>Summer 2014</strong></p>\n\n<p>Hello everyone.</p>\n\n<p>Summer is here and with the exception of a little more rain than usual, it has been a great one. We hope you are enjoying it and are taking the time to enjoy the wonderful gardens. Sylvia and Doug have done a (dare I say it) Super job with them.</p>\n\n<p>We would like to take this opportunity to welcome all the new residents to our condominium and strongly urge you to read your handbook and get familiar with our rules and bylaws.</p>\n\n<p align=\"center\"><strong>Special Notes</strong></p>\n\n<p>This Newsletter is the Board of Directors&rsquo; way of keeping you up to date on things that have been happening in and around the two buildings. It is also a way to for us to reiterate some rules and regulations that you may not be aware of or have forgotten.</p>\n\n<p>Previous editions of the newsletter are available for viewing on the Website at <a href=\"http://harristowers.com\">http://harristowers.com</a> along with lots of other good stuff. You can obtain your password for the Owner&rsquo;s area from the Superintendent.</p>\n\n<p>If you know of any person or activity you would like to see mentioned in the newsletter, please let me know. You can send comments or ideas to <a href=\"mailto:calder408@gmail.com\">calder408@gmail.com</a> or call Bill at 905-538-6060.</p>\n\n<p>Please remember that your air conditioner must not drip onto your balcony. In the case of central air, you should have a condensate pump to direct water into an existing drain.</p>\n\n<p>The common element carpet cleaning was completed and they are looking a lot better.</p>\n\n<p>The cleaning of the outside surfaces of the windows was completed.</p>\n\n<p>We have reclaimed the interlocking brick sidewalks in the courtyard. Grass was trimmed back and removed from the surfaces. The spaces between the bricks have been specially treated so the grass does not grow back.</p>\n\n<p>The annual Ice Cream Social in the courtyard has been scheduled for July 23<sup>rd</sup>. It is a great time to meet your neighbours, talk and enjoy some very good ice cream. It starts at 6:00 pm and don&rsquo;t forget to bring your lawn chairs.</p>\n\n<p align=\"center\"><strong>New &ldquo;Slider Windows&rdquo; Replacement Project</strong></p>\n\n<p>The windows project is moving along.</p>\n\n<p>D&eacute;cor Building Restoration have completed the window identification and measuring in both buildings. We thank you for your cooperation with respect to allowing them into your units to perform this necessary pre-installation function.</p>\n\n<p>The window replacements are tentatively scheduled to begin near the end of August starting with 30 Building and moving on to 40 Building around the beginning of October.</p>\n\n<p>We will be forwarding a proper notice with the timing of your installation. This will allow all owners enough time to move any furniture or hardware that will be in the way.</p>\n\n<p><strong>It is your responsibility to provide clear access to the windows and to remove any window coverings as necessary. The installers require a 3 foot clearance around the windows that will be replaced. They are not allowed to move any furniture.</strong></p>\n\n<p>If moving furniture or window coverings is a problem for you, the superintendent can supply you with the name and number of a person who can help you with it. You must pay this person directly for this service.</p>\n\n<p>The cost of the window replacement is being funded by our reserve fund and no special assessment is planned. We will still have a very healthy reserve fund upon completion.</p>\n\n<p align=\"center\"><strong>Library/Card Room</strong></p>\n\n<p>There is a Library and card room in the B1 Level of 30 Building.</p>\n\n<p>Bid Euchre is played every Friday evening starting at 7:00 pm and everyone is welcome to participate.</p>\n\n<p>If you are not sure how to play, they will be more than happy to teach you. It is a fun time and a good chance to meet other residents.</p>\n\n<p>There is a nominal fee of $1.00 to play and cash prizes are awarded at the end of the night.</p>\n\n<p>This room also has a paperback Library and all residents are invited to take any books they wish to read at no cost. You can also drop off any paperbacks that you don&rsquo;t want any more and they will be shelved by the &ldquo;Library Ladies&rdquo; for other people to enjoy.</p>\n\n<p align=\"center\"><strong>Parking Garage Rules</strong></p>\n\n<p>Remember that your speed in the garage is to be <strong><u>very slow</u></strong>. There are a number of blind corners and the safety of pedestrians must be ensured. <strong>PLEASE SLOW DOWN!!!</strong></p>\n\n<p><strong>It is very important to <u>SOUND YOUR HORN</u></strong> if you intend to go up or down the ramp connecting the two levels of parking. Observe the posted stop signs.</p>\n\n<p>When entering or exiting the Garage, you are required to <strong>wait until the door closes</strong> before continuing on your way. The ONLY exceptions are another car entering or exiting or if the Superintendent has the doors open for service.</p>\n\n<p>The Garage door is for vehicles only. There is NO pedestrian traffic allowed in or out through this door.</p>\n\n<p align=\"center\"><strong>Garbage and Recycling</strong></p>\n\n<p>The following rules are in effect for the garbage and recycling bins.</p>\n\n<p>It is your responsibility to ensure that you break down all cardboard boxes so that they fit properly in the blue bin. Do not leave the cardboard outside of the bin.</p>\n\n<p>The Garbage compactor has a door on the side for you to deposit your non-recyclable waste. Please make sure you close and latch the door after you make your deposit.</p>\n\n<p>The green small appliance recycling bin across from the garbage room is <strong>not</strong> a &ldquo;Dump All&rdquo; and is not to be used for <strong>ANY</strong> renovation waste or other garbage. It is for any metal you may have to discard or for small appliances or electronics that you no longer want (TV&rsquo;s, computers etc.). <strong>You can make arrangements to have large appliances (refrigerators and stoves) removed from your unit by calling Bonnie at </strong><strong>289-921-6934</strong><strong>. She will be happy to arrange removal at no charge to you.</strong></p>\n\n<p>The garbage and recycling areas are under constant video surveillance and residents who do not follow the rules will be identified and the waste in question will be returned to you for proper disposal.</p>\n\n<p align=\"center\"><strong>Used Cooking Oil and Hazardous Waste</strong></p>\n\n<p>Please remember that used cooking oil, grease or paint should not be poured down the drains due to clogging of the waste stacks and eventual damage to the sewer system.</p>\n\n<p>Doug, the Superintendent, makes a monthly trip to the Hazardous waste facility and is very willing to dispose of these items properly. Put any old oil and grease in a <strong>SEALED</strong> container in the area behind the compactor in the blue garbage bin.</p>\n\n<p>You may also leave old paint cans or any other properly contained hazardous waste there as well.</p>\n\n<p>On the same note, clumping cat litter should not be poured down any drain because it can create a solid plug in the piping and is very hard to break up. Please bag it and deposit it in the garbage compactor.</p>\n\n<p align=\"center\"><strong>Revision of the Resident Handbook</strong></p>\n\n<p>The handbook is intended as a quick reference guide to the rules and regulations in place for our Condominiums. There are also a lot of helpful tips. You should all have a copy of the book with a revision date of April 2007.</p>\n\n<p>Some of the content in this book is outdated and so a revision to it is being made.</p>\n\n<p>Every owner or renter will receive a copy of the new Handbook (one per unit). It will be dated July 2014. Please ensure that it stays with the Condo in the event that you sell your unit.</p>\n\n<p align=\"center\"><strong>Harris Towers Website</strong></p>\n\n<p>The Website has a wealth of information such as newsletters, announcements, classified ads, Contractor Rules, the Condo Handbook and pictures from the various functions we have had such as Christmas Parties and the Ice Cream Social. There is also a link to the Condominium act of 1998.</p>\n\n<p>You can also book the party room from the calendar on the website.</p>\n\n<p>If you don&rsquo;t have a password or login name, you will not be able to take advantage of all the great things that are available on this site. You can obtain your password and login name from the Super&rsquo;s office.</p>\n\n<p align=\"center\"><strong>Storage Lockers</strong></p>\n\n<p>A storage locker is provided with each Condo and there are some rules that must be obeyed.</p>\n\n<p>Items must be stored inside the lockers only. Do not put anything on top because the fire code requires that there be 18&rdquo; of space between the top of the lockers and the sprinkler heads.</p>\n\n<p align=\"center\"><strong>Extra Parking and/or Storage Lockers</strong></p>\n\n<p>In the event that you are selling your Condo, any extra Storage Lockers or Parking Spaces that you rent from the Corporation revert back to the Corporation (WCC76) and prospective buyers <strong>must not</strong> be told that these items are available to them if they purchase the unit.</p>\n\n<p align=\"center\"><strong>Visitor Parking</strong></p>\n\n<p>Visitor parking spaces are clearly marked at the side of the buildings and are to be used by bona fide visitor vehicles only. If visitors are staying overnight or for a few days, a parking registration card should be placed on the front dashboard so that it is easily seen. These are available from the Superintendent.</p>\n\n<p>Residents, under Section 5.2 of the Rules and Regulations may park in the visitor parking area no longer than a 60-minute period. Residents who have more vehicles than parking spaces owned, must make arrangements to rent an extra parking space if available. The Corporation or an existing unit owner may have a parking space for rent. Make an inquiry to the Superintendent.</p>\n\n<p>Visitors are not allowed to park in the underground garage.</p>\n\n<p>Residents who abuse the use of the visitor parking area are subject to a fine and possible tow-away.</p>\n\n<p>There is also a Handicap spot available. This is solely for visitor use and should not be used by residents for any length of time.</p>\n\n<p align=\"center\"><strong>A quick note from the WCC. 76 President</strong></p>\n\n<p>Wishing everybody a great Summer.</p>\n\n<p>I am looking forward to the Window Installations. They will be a great benefit to all of us by cutting down on heat loss and in some cases, eliminating the rattling noise during high winds.</p>\n\n<p>Your cooperation in this project is very much appreciated.</p>\n\n<p>All is well financially with your condominium corporation.</p>\n\n<p>See you at the Ice Cream social.</p>\n\n<p align=\"center\">&nbsp;</p>\n\n<p align=\"center\">----------------------------------------------------------------------------------------------------</p>\n\n<p align=\"center\">&nbsp;</p>\n\n<p align=\"center\"><strong>Harris</strong><strong> Towers</strong></p>\n\n<p align=\"center\">e-mail :&nbsp; <a href=\"mailto:harristowers@shaw.ca\">harristowers@shaw.ca</a></p>\n\n<p>&nbsp;&nbsp;&nbsp;&nbsp;&nbsp;&nbsp;&nbsp;&nbsp;&nbsp;&nbsp;&nbsp;&nbsp;&nbsp;&nbsp;&nbsp;&nbsp;&nbsp;&nbsp;&nbsp;&nbsp;&nbsp;&nbsp;&nbsp;&nbsp;&nbsp;&nbsp;&nbsp;&nbsp;&nbsp;&nbsp;&nbsp;&nbsp;&nbsp;&nbsp;&nbsp;&nbsp;&nbsp;&nbsp;&nbsp;&nbsp;&nbsp;&nbsp;&nbsp;&nbsp;&nbsp;&nbsp;&nbsp; &nbsp;&nbsp;&nbsp;&nbsp;&nbsp;&nbsp;&nbsp;&nbsp; website : &nbsp;http://harristowers.com</p>\n\n<p align=\"center\"><strong>Office # 905-560 5536&nbsp;&nbsp;&nbsp;&nbsp;&nbsp;&nbsp; Emergency # 289-439-4447</strong></p>\n\n<p align=\"center\">-------------------------------------------------------------------------------------------------------------</p>\n\n<p>&nbsp;</p>', 1, 'newsletter', '2014-07-18 21:11:12', NULL),
(19, 'Slider Windows Update - Oct. 2014', '<p align=\"center\"><strong>All residents of Harris Towers</strong></p>\n\n<p align=\"center\"><strong>&ldquo;Slider Windows&rdquo; Replacement Project Update</strong></p>\n\n<p>There have been a few developments with the Windows project. We have had a pre-construction meeting with the engineer from Coulter along with a representative from DeCor Restorations. There are a number of things to report so it was felt that a special information newsletter should be given to all residents.</p>\n\n<p>DeCor is ready to start with a target date the week of November 17<sup>th</sup> 2014. They plan on installing the windows in the &ldquo;02&rdquo; units in 30 building and 2 units in the 40 Building this year. All the windows in the units will be replaced at the same time. Work will then stop for the winter and resume in early March, 2015, weather permitting. Thirty Building will be completed first, one floor at a time and then Forty Building after that.</p>\n\n<p>The plan for this fall is to start in Unit 1102 of the 30 building and work their way down (1002, 902 etc.).&nbsp; It should be noted that Unit 202-30 has already been done as a test and passed with flying colours. As stated by George at the AGM, he is very pleased with the installation.</p>\n\n<p>The contractor estimates that it will take one day to complete each unit installation. Starting in early March, their plan is to complete 2 units per day.</p>\n\n<p align=\"center\"><strong>Notification and Accessibility</strong></p>\n\n<p>You will get a 10 day advance notice as to the timing of your installation. A representative from DeCor will do a pre-inspection with you or a representative of your choice.</p>\n\n<p>At that time, he will advise you about anything that needs to be moved or taken down in order to replace the windows.</p>\n\n<p>You will need to remove any blinds, curtains, shutters and rods located in front of the slider windows and within one foot on each side, top and bottom of the slider windows. &nbsp;Remove all items from the window sills and anything attached to the window sill. &nbsp;You will also need to provide clear floor space in front of each sliding window at least 4 feet out from the wall so the contractor has room to work.&nbsp; You must provide a clear walking path of 3 to 4 feet wide from the suite entrance door to each window.&nbsp; Any pictures, mirrors, etc. on the walls beside the windows should be removed so they don&#39;t fall from the banging or vibrations during the work.&nbsp; Also, anything on the walls along the walking path to the windows should be removed temporarily.</p>\n\n<p>Please note that if you have any tile or other covering on your window location, it may have to be removed by you <strong>at your expense</strong> to allow for a proper installation in the event that the new window will not fit. The representative will advise you about this. Every effort will be made to keep this removal to an absolute minimum.</p>\n\n<p><strong><u>If you fail to do the above clearing or moving, the Contractor will keep a record of any time spent doing it for you and will charge it to the Corporation. The Corporation will then back charge you for this work.</u></strong></p>\n\n<p>If you cannot be home on the day of the installation, you will need to arrange for another person to be there or provide authorization for the Superintendent to give the contractor access to your unit. The contractor will provide you with standard authorization/waiver forms which have been used by them in the past and there is also one attached to this update.</p>\n\n<p>If moving furniture or window coverings is a problem for you, the superintendent can supply you with the name and number of a person who can help you with it at a very reasonable cost. You must pay this person directly for this service.</p>\n\n<p>You must also ensure the safety of your pets during the installation to make sure they do not escape or get underfoot while the contractors are there.</p>\n\n<p>Remember that the cost of the window replacement is being funded completely by our reserve fund and no special assessment is planned. We will still have a very healthy reserve fund upon completion.</p>\n\n<p>If you have any questions or problems, please contact the Superintendent and he will do his best to get you an answer.</p>\n\n<p>Harris Towers Board of&nbsp; Directors</p>\n\n<p>&nbsp;</p>\n\n<p align=\"center\"><u>Attention: Owner/Resident</u></p>\n\n<p align=\"center\">&nbsp;</p>\n\n<p>On the date that the windows are being replaced in your unit, DeCor Building Restoration will need to access your unit throughout the day to complete the work.&nbsp; There may also be visits from representatives of Coulter Building Consultants, and/or the Corporation (WCC #76) during that day.&nbsp; <u>It is important that someone be home</u> while the work is being done. If you are not able to be home, the superintendent or a board member will open the door to allow access and may return to the unit a few times throughout the day to check on the progress.&nbsp; This process will continue until all the inside work is complete.&nbsp; If you are <u>not</u> able to be home on that day, please provide your information below and sign this authorization.</p>\n\n<p>&nbsp;</p>\n\n<p>I, _______________________________________________ (print first and last names)</p>\n\n<p>Unit ____________ Building No. _____&nbsp; Harrisford Street, Hamilton, Ontario</p>\n\n<p>give permission to allow a representative of WCC# 76 to open my door to allow the construction crew, consultant and/or Corporation representatives access into my unit to perform their work. I recognize that a representative of the Corporation will not always be present during the window installation.&nbsp;</p>\n\n<p>Signature: ________________________________&nbsp;&nbsp;&nbsp; Date: __________________</p>\n\n<p>&nbsp;</p>\n\n<p><u>It is very important that this authorization is brought to the Superintendent</u><u>&rsquo;</u><u>s&nbsp; office at least one day before the scheduled date of work.&nbsp; If you are unable to bring it to the office, please contact the Superintendent at 905-560-5536.</u></p>\n\n<p>Should you have any questions regarding this notice, please contact Robert Susnjar at the Larlyn management office at 289-288-1293.</p>\n\n<p>We apologize for any inconvenience.</p>\n\n<p><strong>Larlyn Property Management Ltd.</strong></p>\n\n<p><strong>Agents for and on behalf of Wentworth Condominium Corporation No. 76</strong></p>\n\n<p><strong>October 28, 2014</strong></p>', 1, 'newsletter', '2014-10-31 08:26:11', NULL),
(20, 'Fall 2014', '<p align=\"center\"><strong>WCC. 76</strong></p>\n\n<p align=\"center\"><strong>Harris</strong><strong> Towers</strong><strong> Newsletter </strong></p>\n\n<p align=\"center\"><strong>Fall 2014</strong></p>\n\n<p>Hello everyone.</p>\n\n<p>Fall is now slowly turning to winter. We hope you had a great summer.</p>\n\n<p>We would like to take this opportunity to welcome all the new residents to our condominium and strongly urge you to read your handbook and get familiar with our rules and bylaws.</p>\n\n<p align=\"center\"><strong>Special Notes</strong></p>\n\n<p>This Newsletter is the Board of Directors&rsquo; way of keeping you up to date on things that have been happening in and around the two buildings. It is also a way to for us to reiterate some rules and regulations that you may not be aware of or have forgotten.</p>\n\n<p>Previous editions of the newsletter are available for viewing on the Website at <a href=\"http://harristowers.com\">http://harristowers.com</a> along with lots of other good stuff. If you do not have it already, you can obtain your login ID and password for the Owner&rsquo;s area of the Website from the Superintendent.</p>\n\n<p>The AGM was held on October 08, 2014 and was very well attended. The sound system left a lot to be desired and will be much better at next year&rsquo;s meeting.</p>\n\n<p>A considerable amount of money was saved by holding the meeting in the community room as well as making it easier for owners to attend.</p>\n\n<p>We would like to congratulate Irene Hubar and Kim Weir on their re-election to the Board.</p>\n\n<p>We also congratulate David Andrews on his election as a new member of the Board and we know he will be a great asset. &nbsp;&nbsp;</p>\n\n<p>The annual Ice Cream Social in the courtyard was a success despite the cool, windy weather. We hope everyone who attended enjoyed the Ice Cream.</p>\n\n<p>We have a new Garage Door system. The old one was starting to wear out and costing too much money for maintenance. Thanks to everyone for their patience during the installation.</p>\n\n<p align=\"center\"><strong>New &ldquo;Slider Windows&rdquo; Replacement Project</strong></p>\n\n<p>There have been a few developments with the Windows project. A special notice has been sent to all the owners about this project.</p>\n\n<p align=\"center\"><strong>Portable Air Conditioners</strong></p>\n\n<p>Those of us with portable air conditioners will still be able to use them with the new windows. The screen can be easily removed and replaced with a piece of Plexiglas that will have holes cut out for the connectors. There will be a small cost to individual owners for this Plexiglas (still to be determined) as it is not part of the Windows project. If you use portable air conditioners, please inform the Superintendent&nbsp; so we can contact everyone concerned when the time comes.</p>\n\n<p align=\"center\"><strong>Library/Card Room</strong></p>\n\n<p>There is a Library and card room in the B1 Level of 30 Building across from the men&rsquo;s entrance to the pool. It is accessible to all residents at any time.</p>\n\n<p>Bid Euchre is played there every Friday evening starting at 7:00 pm and every resident is welcome to participate. There are no fees to join and it is a very relaxed atmosphere.</p>\n\n<p>If you are not sure how to play, the players will be more than happy to teach you. It is a fun time and a good chance to meet other residents.</p>\n\n<p>There is a nominal fee of $1.00 to play and cash prizes are awarded at the end of the night.</p>\n\n<p>This room also has a paperback Library and all residents are invited to take any books they wish to read at no cost. You can also drop off any paperbacks that you don&rsquo;t want any more and they will be shelved by the &ldquo;Library Ladies&rdquo; for other people to enjoy.</p>\n\n<p align=\"center\"><strong>Parking Garage</strong></p>\n\n<p>Remember that your speed in the garage is to be <strong><u>very slow</u></strong>. There are a number of blind corners and the safety of pedestrians must be ensured. <strong>PLEASE SLOW DOWN!!!</strong></p>\n\n<p><strong>It is very important to <u>SOUND YOUR HORN</u></strong> if you intend to go up or down the ramp connecting the two levels of parking. Observe the posted stop signs.</p>\n\n<p>When entering or exiting the Garage, you are required to <strong>wait until the door closes</strong> before continuing on your way. The ONLY exceptions are another car entering or exiting or if the Superintendent has the doors open for service.</p>\n\n<p>The Garage door is for vehicles only. There is NO pedestrian traffic allowed in or out through this door.</p>\n\n<p>Remember to turn down your radio when approaching the garage door. There are people in the units adjacent to the door and we need to respect their rights.</p>\n\n<p>If you use the car wash station, please do not leave containers with any type of liquid in or on top of the garbage can. They can easily spill creating a mess.</p>\n\n<p align=\"center\"><strong>New Postal Boxes</strong></p>\n\n<p>We have been approached by the Post Office to have a new box stationed in each building at no charge to us for the express purpose of allowing the mail delivery person to leave parcels. This means you would not have to go and pick them up if you can&rsquo;t be contacted on the day of delivery.</p>\n\n<p>An added bonus to this would be that you can use the box as a mail drop as well. We do not have a date of install as of yet.</p>\n\n<p align=\"center\"><strong>Garbage and Recycling</strong></p>\n\n<p>The following rules are in effect for the garbage and recycling bins.</p>\n\n<p>It is your responsibility to ensure that you break down all cardboard boxes so that they fit properly in the blue bin. Do not leave the cardboard outside of the bin.</p>\n\n<p>The green small appliance recycling bin across from the garbage room is <strong>not</strong> a &ldquo;Dump All&rdquo; and is not to be used for <strong>ANY</strong> renovation waste or other garbage. It is for any metal you may have to discard or for small appliances or electronics that you no longer want (TV&rsquo;s, computers etc.). <strong>You can make arrangements to have large appliances (refrigerators and stoves) removed from your unit by calling Bonnie at </strong><strong>289-921-6934</strong><strong>. She will be happy to arrange removal at no charge to you.</strong></p>\n\n<p>The garbage and recycling areas are under constant video surveillance and residents who do not follow the rules will be identified and the waste in question will be returned to you for proper disposal.</p>\n\n<p align=\"center\"><strong>Used Cooking Oil and Hazardous Waste</strong></p>\n\n<p>Please remember that used cooking oil, grease or paint should not be poured down the drains due to clogging of the waste stacks and eventual damage to the sewer system.</p>\n\n<p>Doug, the Superintendent, makes a monthly trip to the Hazardous waste facility and is very willing to dispose of these items properly. Put any old cooking oil and grease in a <strong>SEALED</strong> container in the area behind the compactor in the blue garbage bin.</p>\n\n<p>You may also leave old paint cans or any other properly contained hazardous waste there as well.</p>\n\n<p align=\"center\"><strong>Party Room Booking</strong></p>\n\n<p>Please note that until payment is received for a party room rental (whether booked with the Super or Online), the booking is not confirmed until payment is received at the Superintendent&rsquo;s office. Priority for multiple bookings on a particular day will be given to the resident who submits payment first.</p>\n\n<p align=\"center\"><strong>Storage Lockers</strong></p>\n\n<p>A storage locker is provided with each Condo and there are some rules that must be obeyed.</p>\n\n<p><strong>Items must be stored inside the lockers only</strong>. Do not put anything on top because the fire code requires that there be 18&rdquo; of space between the top of the lockers and the sprinkler heads. <strong>If you are storing anything outside of the locker it will be removed by the Superintendent.</strong></p>\n\n<p>Please check your locker to ensure compliance.</p>\n\n<p>Remember to turn off the lights in the storage room when you leave it. It is a waste of electricity to leave them on and it ends up costing us all money.</p>\n\n<p align=\"center\"><strong>Visitor Parking</strong></p>\n\n<p>Visitor parking spaces are clearly marked at the side of the buildings and are to be used by bona fide visitor vehicles only. If visitors are staying overnight or for a few days, a parking registration card, available from the Superintendent should be placed on the front dashboard so that it is easily seen.</p>\n\n<p>Residents, under Section 5.2 of the Rules and Regulations, may park in the visitor parking area no longer than a 60-minute period. Residents who have more vehicles than parking spaces owned, must make arrangements to rent an extra parking space if available. The Corporation or an existing unit owner may have a parking space for rent. Make an inquiry to the Superintendent.</p>\n\n<p>Visitors are not allowed to park in the underground garage.</p>\n\n<p>Residents who abuse the use of the visitor parking area are subject to a fine and possible tow-away.</p>\n\n<p>There is also a Handicap spot available. This is solely for visitor use and should not be used by residents for any length of time.</p>\n\n<p align=\"center\"><strong>A quick note from the WCC. 76 President</strong></p>\n\n<p>Wishing everybody a great Fall and Winter.</p>\n\n<p>I am looking forward to the Window Installations. They will be a great benefit to all of us by cutting down on heat loss and in some cases, eliminating the rattling noise during high winds.</p>\n\n<p>Your cooperation in this project is very much appreciated.</p>\n\n<p>If you have any ideas about what you would like to see addressed in the next newsletter, please send an e-mail to <a href=\"mailto:calder408@gmail.com\">calder408@gmail.com</a> or leave a written note with the Super.</p>\n\n<p>All is well financially with your condominium corporation.</p>\n\n<p align=\"center\">----------------------------------------------------------------------------------------------------</p>\n\n<p align=\"center\"><strong>Harris</strong><strong> Towers</strong></p>\n\n<p align=\"center\">&nbsp;&nbsp;&nbsp; e-mail :&nbsp; <a href=\"mailto:harristowers@rogers.com\">harristowers@rogers.com</a></p>\n\n<p>&nbsp;&nbsp;&nbsp;&nbsp;&nbsp;&nbsp;&nbsp;&nbsp;&nbsp;&nbsp;&nbsp;&nbsp;&nbsp;&nbsp;&nbsp;&nbsp;&nbsp;&nbsp;&nbsp;&nbsp;&nbsp;&nbsp;&nbsp;&nbsp;&nbsp;&nbsp;&nbsp;&nbsp;&nbsp;&nbsp;&nbsp;&nbsp;&nbsp;&nbsp;&nbsp;&nbsp;&nbsp;&nbsp;&nbsp;&nbsp;&nbsp;&nbsp;&nbsp;&nbsp;&nbsp;&nbsp;&nbsp; &nbsp;&nbsp;&nbsp;&nbsp;&nbsp;&nbsp;&nbsp;&nbsp; website : &nbsp;<a href=\"http://harristowers.com\">http://harristowers.com</a></p>\n\n<p>&nbsp;</p>\n\n<p align=\"center\"><strong>Office # 905-560 5536&nbsp;&nbsp;&nbsp;&nbsp;&nbsp;&nbsp; Emergency # 289-439-4447</strong></p>\n\n<p align=\"center\">-------------------------------------------------------------------------------------------------------------</p>', 1, 'newsletter', '2014-11-16 15:11:15', NULL);
INSERT INTO `newsletters` (`newsletterId`, `newsletterHeading`, `newsletterBody`, `active`, `type`, `creationDateTime`, `updatedDateTime`) VALUES
(21, 'Christmas Newletter December 2014', '<div>\n<p align=\"center\"><strong>WCC. 76</strong></p>\n\n<p align=\"center\"><strong>Harris Towers Christmas Newsletter </strong></p>\n\n<p align=\"center\"><strong>December 2014</strong></p>\n\n<p>Hello everyone.</p>\n\n<p>Christmas is fast approaching and we want to wish everyone a Merry Christmas and a Prosperous and Happy New Year.</p>\n\n<p>This is just a short newsletter to mention a couple of things that are happening soon.</p>\n\n<p>The Christmas Party, which is an annual tradition started and hosted by Doug and Sylvia, is set for December 17<sup>th</sup> in the 40 building community room. Start time is 6:00 pm and all residents are invited to an evening of friendship, food and music.</p>\n\n<p>We want to give a round of applause to Doug and Sylvia with respect to the Christmas decorating. They have done a great job in both buildings. The lobbies look great and Sylvia has handcrafted many of the decorations herself.</p>\n\n<p>In addition, 40 building now has lights outside and they look great. Thanks to Doug for setting them up.</p>\n\n<p align=\"center\"><strong>Humidity and Condensation</strong></p>\n\n<p>Condensation is a problem in some units and in every case investigated so far, the main culprit is high humidity. The new windows that are being installed are very air tight and that fact alone may increase the humidity in your unit since they do not allow the air leakage that is prevalent with the poorly sealing slider windows. There are a number of ways to combat the high humidity problem.</p>\n\n<p>&nbsp;</p>\n\n<p>Attached, you will find information provided by our engineer explaining humidity and some suggestions on how to deal with it.</p>\n\n<p>The Superintendent has a gauge that can measure humidity if you need to confirm the relative humidity in your unit.</p>\n\n<p align=\"center\"><strong>Postal Boxes</strong></p>\n\n<p>As mentioned in the previous newsletter, the new postal boxes for parcel pickup and letter mailing are coming. Locations have been chosen in each building and they should be here soon. That means that the Mail Carrier can get your parcels to you without having to call you to see if you are home to accept them. You can also drop off your letters for mailing without having to walk over to the mall.</p>\n\n<p align=\"center\"><strong>Amenities Holiday Hours</strong></p>\n\n<p>As in the past, during Christmas and New Year&rsquo;s, please note as follows the hours of the amenities:</p>\n\n<p>Pool Closed:&nbsp;&nbsp;&nbsp; December 24<sup>th</sup> at noon</p>\n\n<p>&nbsp;&nbsp;&nbsp;&nbsp;&nbsp;&nbsp;&nbsp;&nbsp;&nbsp;&nbsp;&nbsp;&nbsp;&nbsp;&nbsp;&nbsp;&nbsp;&nbsp;&nbsp;&nbsp;&nbsp;&nbsp;&nbsp;&nbsp; December 25<sup>th</sup> all day</p>\n\n<p>&nbsp;&nbsp;&nbsp;&nbsp;&nbsp;&nbsp;&nbsp;&nbsp;&nbsp;&nbsp;&nbsp;&nbsp;&nbsp;&nbsp;&nbsp;&nbsp;&nbsp;&nbsp;&nbsp;&nbsp;&nbsp;&nbsp;&nbsp; December 31<sup>st</sup> at noon</p>\n\n<p>&nbsp;&nbsp;&nbsp;&nbsp;&nbsp;&nbsp;&nbsp;&nbsp;&nbsp;&nbsp;&nbsp;&nbsp;&nbsp;&nbsp;&nbsp;&nbsp;&nbsp;&nbsp;&nbsp;&nbsp;&nbsp;&nbsp;&nbsp; January 1<sup>st</sup> all day</p>\n\n<p>The Exercise Room, Games Room, and Showers will also be closed at the above noted times.</p>\n\n<p align=\"center\"><strong>Superintendent Holiday Hours</strong></p>\n\n<p>During the Holiday Season, please call the Duty Superintendent at (289-439-4447) ONLY if you have an emergency. For all other non-emergency items, please leave a voice mail message for the Duty Superintendent at 905-560-5536</p>\n\n<p>&nbsp;</p>\n\n<p>The Superintendent or relief Superintendent will be on site on December 24<sup>th</sup> and December 31th.</p>\n\n<p>&nbsp;&nbsp;&nbsp;&nbsp;&nbsp;&nbsp;&nbsp;&nbsp;&nbsp;&nbsp;&nbsp;&nbsp;&nbsp;&nbsp;&nbsp;&nbsp;&nbsp;&nbsp;&nbsp;&nbsp;&nbsp;&nbsp;&nbsp;&nbsp;&nbsp;&nbsp;&nbsp;&nbsp;&nbsp;&nbsp;&nbsp;&nbsp;&nbsp;&nbsp;&nbsp;&nbsp;&nbsp;&nbsp;&nbsp;&nbsp;&nbsp;&nbsp;&nbsp;&nbsp;&nbsp;&nbsp;&nbsp;&nbsp;&nbsp;&nbsp;&nbsp;&nbsp;&nbsp;&nbsp;&nbsp;&nbsp;&nbsp;&nbsp;&nbsp;</p>\n\n<p>Have a great Christmas and we hope to see everyone at the party.</p>\n\n<p>Harris Towers Board of Directors</p>\n\n<p>&nbsp;</p>\n\n<p align=\"center\">&nbsp;</p>\n\n<p align=\"center\">----------------------------------------------------------------------------------------------------</p>\n\n<p align=\"center\">&nbsp;</p>\n\n<p align=\"center\"><strong>Harris Towers</strong></p>\n\n<p align=\"center\">&nbsp;&nbsp;&nbsp; e-mail :&nbsp; <a href=\"mailto:harristowers@rogers.com\">harristowers@rogers.com</a></p>\n\n<p>&nbsp;&nbsp;&nbsp;&nbsp;&nbsp;&nbsp;&nbsp;&nbsp;&nbsp;&nbsp;&nbsp;&nbsp;&nbsp;&nbsp;&nbsp;&nbsp;&nbsp;&nbsp;&nbsp;&nbsp;&nbsp;&nbsp;&nbsp;&nbsp;&nbsp;&nbsp;&nbsp;&nbsp;&nbsp;&nbsp;&nbsp;&nbsp;&nbsp;&nbsp;&nbsp;&nbsp;&nbsp;&nbsp;&nbsp;&nbsp;&nbsp;&nbsp;&nbsp;&nbsp;&nbsp;&nbsp;&nbsp; &nbsp;&nbsp;&nbsp;&nbsp;&nbsp;&nbsp;&nbsp;&nbsp; website : &nbsp;<a href=\"http://harristowers.com\">http://harristowers.com</a></p>\n\n<p align=\"center\"><strong>Office # 905-560 5536&nbsp;&nbsp;&nbsp;&nbsp;&nbsp;&nbsp; Emergency # 289-439-4447</strong></p>\n\n<p align=\"center\">&nbsp;</p>\n\n<p align=\"center\">&nbsp;</p>\n\n<p><strong>Attachment from our Engineer</strong></p>\n\n<p align=\"center\" style=\"margin-left:108.85pt;\"><strong>WINTERTIME</strong><strong> CONDENSATION ON WINDOWS</strong></p>\n\n<p align=\"center\" style=\"margin-left:108.75pt;\">WCC #76 - Harris Towers</p>\n\n<p>&nbsp;</p>\n\n<p style=\"margin-left:6.0pt;\">What is condensation on windows? Frost, fog or moisture droplets covering the inner surface of the window frame or glass. This happens during cold weather when moisture forms on the cold surfaces.</p>\n\n<p style=\"margin-left:6.0pt;\">Where does the moisture come from? Plants, aquariums, people, pets and especially humidifiers. Cooking and bathing are two daily activities that add the most moisture to the air in the suite.</p>\n\n<p style=\"margin-left:6.0pt;\">Although the new windows in this building are better at resisting condensation than most aluminum windows, there is often more condensation after windows have been replaced in a building. The main reason for this is that the windows are more air tight than before which causes the humidity level in the suites to rise. This is great for reducing heating costs but can lead to condensation unless humidity levels are controlled.</p>\n\n<p style=\"margin-left:6.0pt;\">The colder it is outside, the lower the humidity level needs to be on the inside. The following chart provides general guidelines for the <em>maximum </em>humidity level in a suite, depending on the outside temperature.</p>\n\n<p>&nbsp;</p>\n\n<table border=\"0\" cellpadding=\"0\" cellspacing=\"0\">\n	<tbody>\n		<tr>\n			<td style=\"width:216px;height:49px;\">\n			<p style=\"margin-left:7.45pt;\"><strong>Outside</strong><strong> Temperature (</strong><strong>o</strong><strong>C)</strong></p>\n			</td>\n			<td style=\"width:275px;height:49px;\">\n			<p style=\"margin-left:70.15pt;\"><strong>Maximum Relative Humidity In the Suite</strong></p>\n			</td>\n		</tr>\n		<tr>\n			<td style=\"width:216px;height:30px;\">\n			<p align=\"center\">+10</p>\n			</td>\n			<td style=\"width:275px;height:30px;\">\n			<p align=\"center\">45%</p>\n			</td>\n		</tr>\n		<tr>\n			<td style=\"width:216px;height:30px;\">\n			<p align=\"center\">0</p>\n			</td>\n			<td style=\"width:275px;height:30px;\">\n			<p align=\"center\">35%</p>\n			</td>\n		</tr>\n		<tr>\n			<td style=\"width:216px;height:30px;\">\n			<p align=\"center\">-10</p>\n			</td>\n			<td style=\"width:275px;height:30px;\">\n			<p align=\"center\">25%</p>\n			</td>\n		</tr>\n		<tr>\n			<td style=\"width:216px;height:29px;\">\n			<p align=\"center\">-20</p>\n			</td>\n			<td style=\"width:275px;height:29px;\">\n			<p align=\"center\">20%</p>\n			</td>\n		</tr>\n	</tbody>\n</table>\n\n<p style=\"margin-left:6.0pt;\">From the chart we can see that when it is -20oC outside, the relative humidity level inside should be 20% or lower to prevent condensation.</p>\n\n<p style=\"margin-left:6.0pt;\">There are several things that unit owners can do to reduce the amount of condensation on windows:</p>\n\n<ul>\n	<li>The most effective way of reducing the humidity level is to ventilate the unit by running exhaust fans or opening windows when necessary to bring in some dry fresh air. &nbsp;This is especially important after bathing, cooking and mopping floors.</li>\n</ul>\n\n<ul>\n	<li>For sliding windows, when the windows are not being used for ventilation, make sure the inner glass pane is closed tightly. If the inner pane is left slightly open with the outer pane closed, there will be much more condensation on the outer pane.</li>\n</ul>\n</div>\n\n<ul>\n	<li>It is also important to get as much heat and air flow to the window as possible. Heavy drapes and blinds, for example, will prevent heat and air from reaching the glass which will result in much more condensation.</li>\n</ul>\n\n<ul>\n	<li>Running ceiling fans or portable fans will also help to eliminate condensation. The extra air flow over the glass will warm the window surfaces and evaporate moisture on the glass. However, the fans will not be of much help if the blinds are closed.</li>\n</ul>\n\n<p>&nbsp;</p>\n\n<ul>\n	<li>Lowering the heat in the unit will cause the windows to become colder and increase the amount of condensation. This is especially true when the unit is occupied because humidity is constantly being generated when people are living in the unit.</li>\n</ul>\n\n<ul>\n	<li>Keep furnishings, especially upholstered furniture, away from outside walls and windows. These items cause the walls and windows to become colder.</li>\n</ul>\n\n<ul>\n	<li>Don&rsquo;t install weatherstripping on the suite entrance door leading to the corridor. The air in the corridor is the main source of fresh air for the building. Air from the corridor needs to enter each suite through the gaps around the door.</li>\n</ul>\n\n<ul>\n	<li>Portable household de-humidifiers can be used but will only be slightly effective in wintertime because they can&rsquo;t lower the humidity level much below 50%.</li>\n</ul>\n\n<p><strong>&nbsp;&nbsp;&nbsp;&nbsp;&nbsp;&nbsp;&nbsp;&nbsp; Christmas&nbsp; Gathering</strong></p>\n\n<p>Wednesday, December 17th, 2014 6 p.m. - 9:00 p.m. in the Party room&nbsp; for Residents only</p>\n\n<p align=\"center\" style=\"margin-left:5.35pt;\">Hope to see you there!</p>\n\n<p align=\"center\" style=\"margin-left:5.35pt;\">If you would like to bring any special treats, I&rsquo;m sure they would be appreciated</p>', 1, 'newsletter', '2014-12-16 09:52:20', '2014-12-16 09:55:17'),
(22, 'Winter 2015', '<p align=\"center\">&nbsp;</p>\n\n<p align=\"center\"><strong>WCC. 76</strong></p>\n\n<p align=\"center\"><strong>Harris</strong><strong> Towers</strong><strong> Newsletter </strong></p>\n\n<p align=\"center\"><strong>Winter 2015</strong></p>\n\n<p>Hello everyone.</p>\n\n<p>This has been a very cold but relatively snow free winter so far. We hope you have all coped well with it and are now looking forward to the spring and warmer temperatures.</p>\n\n<p align=\"center\"><strong>Special Notes</strong></p>\n\n<p>This Newsletter is the Board of Directors way of keeping you up to date on things that have been happening in and around the two buildings. It is also a way to for us to reiterate some rules and regulations that you may not be aware of or have forgotten.</p>\n\n<p>Previous editions of the newsletter are available for viewing on the Website at <a href=\"http://harristowers.com\">http://harristowers.com</a> along with lots of other good stuff.</p>\n\n<p>If you know of any person or activity you would like to see mentioned in the newsletter, please let me know. You can send comments or ideas to <a href=\"mailto:calder408@gmail.com\">calder408@gmail.com</a> or call Bill at 905-538-6060.</p>\n\n<p>&nbsp;</p>\n\n<p>We have replaced the broken arm chairs in the community room and have plans to get a decent sound system in place before the next AGM.</p>\n\n<p>Doug and Sylvia hosted another successful Christmas party. The party, planned and set up by them, has been in place for four years now. Some special treats were provided by some of the owners and overall, it was well attended and a very good time was had by all.</p>\n\n<p>We had an outdoor power supply installed at 40 Building this year which allowed for lights and decorations for the first time. Doug wasted no time getting lights put up.</p>\n\n<p>A very big Thank You to Doug and Sylvia for their all their seasonal decorating. They do a great job and it is appreciated. Many of the Christmas decorations were hand crafted by Sylvia herself and she obviously is a very talented lady.</p>\n\n<p>On the same note, we would like to give a big Thank You to Bev Cadieux for the great seasonal pictures that she places in the elevators for our enjoyment.</p>\n\n<p>&nbsp;</p>\n\n<p align=\"center\"><strong>New &ldquo;Slider Windows&rdquo; Replacement Project</strong></p>\n\n<p>The &ldquo;02&rdquo; units in 30 Building have been completed and the installations went well. Based on that, all the windows for 30 building have been ordered.</p>\n\n<p>D&eacute;cor, the company who is installing the windows, replaced windows in 4 units of 40 building, chosen by them and the Engineer with the OK from the unit owners and the Board. This gave them the opportunity to make sure that they had the right sizes before they ordered all the windows for 40 building.</p>\n\n<p>D&eacute;cor are planning to start the main project in early March, weather and temperature permitting. The plan is to do 2 units per day starting on the top floor of 30 building and working down, then move on to 40 building around the end of April.</p>\n\n<p>The people that have portable air conditioners that vent through the slider windows will still be able to use them with the new windows but there will be a cost to the owner, hopefully less than $50.00.</p>\n\n<p>The plan is to get an Acrylic window to replace the screen and have holes cut in them to accommodate the hose fitting. The screens on the new windows are very easy to remove. Unfortunately, the air conditioners are not standard and some have 4&rdquo; or 5&rdquo; holes for the hose fitting. Some also have 2 hoses to be vented.</p>\n\n<p>We hope to get a bulk price to have the blanks cut and then we will need your hose fitting(s) to ensure the right sized hole(s) are cut. We will be contacting you when this is ready to get underway so please make sure that Doug has your name as soon as possible.</p>\n\n<p align=\"center\"><strong>Green Metal Recycling Bin</strong></p>\n\n<p>The green small appliance recycling bin is <strong>not</strong> a &ldquo;Dump All&rdquo; and is not to be used for <strong>ANY</strong> renovation waste or other garbage. It is for any metal you may have to discard or for small appliances or electronics that you no longer want (TV&rsquo;s, computers etc.). You can make arrangements to have large appliances removed from your unit by calling Bonnie at <strong>289-921-6934</strong>. She will be happy to arrange removal at no charge to you.</p>\n\n<p>Just a few words about this bin. The rules for this bin were not being properly enforced and as a result, we had to regularly call someone in to clean it out at a cost of about $250 every 6 or 7 weeks. This translates to about 6 times a year at a cost of approximately $1500.00 which we all paid from our Condo fees.</p>\n\n<p>About 4 years ago, it was decided to have the Super start enforcement of the rules through the use of the security cameras. If he noticed someone putting in non-metal waste, he would bring it to their attention and require them to remove it and dispose of it properly.</p>\n\n<p>We also made an agreement with a metal scrapper to come regularly and clean out the recyclables in this bin at no cost to us.</p>\n\n<p>Everyone has taken this to heart and we are now only having to get the garbage&nbsp; cleaned out of the bin &nbsp;about twice a year at a cost of $500.00 total which translates to a savings of $1000.00 per year. We could bring that to a zero cost if everyone ensured that they only put acceptable waste in the bin.</p>\n\n<p>Thanks to everyone for their diligence in this and let&rsquo;s try for complete compliance this year.</p>\n\n<p align=\"center\"><strong>Building Security</strong></p>\n\n<p>Our building security is essential to us for our safety and peace of mind. We have 24 security cameras monitoring 24 hours a day. All of the footage is saved to special computers for retrieval at a later date if necessary.</p>\n\n<p>There is full camera surveillance of the common areas such as the outside of both buildings including the visitor parking areas, both building lobbies/entrances and the parking garage.</p>\n\n<p align=\"center\"><strong>Facilities in our Buildings</strong></p>\n\n<p>Here are a few things to remember when making use of the facilities.</p>\n\n<p>The pool and the games room can be used by non-residents <strong>only</strong> if the resident is in attendance.</p>\n\n<p>Before entering the pool, please remember to shower.</p>\n\n<p>The Exercise room is for the exclusive use of Residents. Non- residents are not allowed in it at any time.</p>\n\n<p>The workshop is for Residents only providing they are part of the Workshop group.</p>\n\n<p align=\"center\"><strong>Access to your Condo</strong></p>\n\n<p>Please ensure that the Super can gain access to your Condo in the event of an emergency for your own safety as well as the safety of your neighbours. Our bylaws state very clearly that <strong><em>&ldquo;The Corporation shall retain a key to all locks on a unit. No Owner shall change any lock or place any additional locks on the doors to any unit without immediately providing to the Corporation a key for each new or changed lock.&rdquo;</em></strong>. If you have not done so yet, please provide a key to your unit to Doug. He is charged with only using the key in the case of an emergency or required safety inspection in the absence of the Owner.</p>\n\n<p align=\"center\"><strong>Harris Towers Website</strong></p>\n\n<p>The Website has newsletters, announcements, classified ads, Contractor Rules, the Condo Handbook and pictures from the various functions we have had such as Christmas Parties and the Ice Cream Social.</p>\n\n<p>You can also book the party room from the calendar on the website.</p>\n\n<p>Please rest assured that the Website does not replace the hand delivered notices that are necessary from time to time. It is recognized that there are some people who do not have computers or Internet access. Everyone will continue to receive hand delivered special notices.</p>\n\n<p>If you don&rsquo;t have a password or login name, you will not be able to take advantage of all the great things that are available on this site. You can obtain your password and login name from the Super&rsquo;s office.</p>\n\n<p align=\"center\"><strong>A quick note from the WCC. 76 President</strong></p>\n\n<p>Wishing everybody a great 2015.</p>\n\n<p>All is well financially with your condominium corporation.</p>\n\n<p>Like you, I am eagerly awaiting the return of spring.</p>\n\n<p align=\"center\">----------------------------------------------------------------------------------------------------</p>\n\n<p align=\"center\">&nbsp;</p>\n\n<p align=\"center\">&nbsp;</p>\n\n<p align=\"center\">&nbsp;</p>\n\n<p align=\"center\">&nbsp;</p>\n\n<p align=\"center\"><strong>Harris</strong><strong> Towers</strong></p>\n\n<p>&nbsp;</p>\n\n<p align=\"center\">&nbsp;&nbsp;&nbsp; e-mail :&nbsp; <a href=\"mailto:harristowers@rogers.com\">harristowers@rogers.com</a></p>\n\n<p>&nbsp;&nbsp;&nbsp;&nbsp;&nbsp;&nbsp;&nbsp;&nbsp;&nbsp;&nbsp;&nbsp;&nbsp;&nbsp;&nbsp;&nbsp;&nbsp;&nbsp;&nbsp;&nbsp;&nbsp;&nbsp;&nbsp;&nbsp;&nbsp;&nbsp;&nbsp;&nbsp;&nbsp;&nbsp;&nbsp;&nbsp;&nbsp;&nbsp;&nbsp;&nbsp;&nbsp;&nbsp;&nbsp;&nbsp;&nbsp;&nbsp;&nbsp;&nbsp;&nbsp;&nbsp;&nbsp;&nbsp; &nbsp;&nbsp;&nbsp;&nbsp;&nbsp;&nbsp;&nbsp;&nbsp; website : &nbsp;http:\\\\harristowers.com</p>\n\n<p align=\"center\">&nbsp;</p>\n\n<p align=\"center\"><strong>Office # 905-560 5536&nbsp;&nbsp;&nbsp;&nbsp;&nbsp;&nbsp; Emergency # 289-439-4447</strong></p>\n\n<p align=\"center\">&nbsp;</p>\n\n<p align=\"center\">-------------------------------------------------------------------------------------------------------------</p>', 1, 'newsletter', '2015-02-07 06:32:14', NULL),
(23, 'Spring 2015', '<p align=\"center\"><strong>WCC. 76</strong></p>\n\n<p align=\"center\"><strong>Harris</strong><strong> Towers</strong><strong> Newsletter </strong></p>\n\n<p align=\"center\"><strong>Spring 2015</strong></p>\n\n<p>Hello everyone.</p>\n\n<p>Welcome to a rather cold Spring, however, things are now starting to warm up. Leaves are starting to return to the trees and Doug and Sylvia are gearing up for the new planting season.&nbsp;</p>\n\n<p align=\"center\"><strong>Special Notes</strong></p>\n\n<p>This Newsletter is the Board of Directors way of keeping you up to date on things that have been happening in and around the two buildings. It is also a way to for us to reiterate some rules and regulations that you may not be aware of or have forgotten.</p>\n\n<p>Previous editions of the newsletter are available for viewing on the Website at <a href=\"http://harristowers.com\">http://harristowers.com</a> along with lots of other good stuff.</p>\n\n<p>If you know of any person or activity you would like to see mentioned in the newsletter, please let me know. You can send comments or ideas to <a href=\"mailto:calder408@gmail.com\">calder408@gmail.com</a> or call Bill at 905-538-6060.</p>\n\n<p>We have purchased microphones and speakers for the community room which will make the AGM better for everyone to hear. They can also be utilized for the Ice Cream Social and the Christmas Party.</p>\n\n<p>If you are renting the community room, it is possible to have these set up for you at a small cost.</p>\n\n<p>The painting of the hallways, doors and trim in both buildings is now complete. Numbers are back on the doors and the mirrors have been installed in the hallways. The painters did a great job and the Board would like to thank all the Unit Owners for their patience and understanding in this endeavor. We would also like to thank Doug and Sylvia for their help in making this a successful job.</p>\n\n<p>The rules in place are not all outlined in the Handbook but are still rules none the less. One rule in particular is that out of respect for your neighbours above, below and beside you, no excessive noise is allowed between the hours of 10:00 pm and 8:00 am. This includes washers and dryers which must not be used during this time period.</p>\n\n<p>Another rule that needs to be addressed is the handicapped parking space. It is not for residents to use at any time. It is strictly for the use of handicapped visitors to our condo. Please respect this rule.</p>\n\n<p align=\"center\"><strong>New &ldquo;Slider Windows&rdquo; Replacement Project</strong></p>\n\n<p>At this writing, the 30 building slider windows are more than half complete. Work is moving along very well and small problems encountered have been addressed and a fix is in place.</p>\n\n<p>D&eacute;cor, the company who is installing the windows, is doing a great job and we are looking forward to the completion of this major project sometime in July.</p>\n\n<p>The people that have portable air conditioners that vent through the slider windows will still be able to use them with the new windows but there will be a cost to the owner, hopefully less than $50.00.</p>\n\n<p>The plan is to get an Acrylic window to replace the screen and have holes cut in them to accommodate the hose fitting. The screens on the new windows are very easy to remove. Unfortunately, the air conditioners are not standard and some have 4&rdquo; or 5&rdquo; holes for the hose adapter, some have 2 hoses to be vented, some are snap-in and others are screwed in.</p>\n\n<p>Please get your hose adapters to Doug as soon as possible so we can show the plexi-glass contractor what we are dealing with. They will be returned to you as soon as he has the glass cut so you can use them until your windows are installed.</p>\n\n<p align=\"center\"><strong>Green Metal Recycling Bin</strong></p>\n\n<p>The green small appliance recycling bin is <strong>not</strong> a &ldquo;Dump All&rdquo; and is not to be used for <strong>ANY</strong> renovation waste or other garbage. It is for any metal you may have to discard or for small appliances or electronics that you no longer want (TV&rsquo;s, computers etc.). You can make arrangements to have large appliances removed from your unit by calling Bonnie at <strong>289-921-6934</strong>. She will be happy to arrange removal at no charge to you.</p>\n\n<p>As mentioned in the last newsletter, we are looking for 100% compliance with the rules that are in place for this container. We came very close with the last cleanout of this bin in April but there was still some non-metallic debris in it. The amount was very small which means that you have taken this to heart and are being particular about what you place in this bin. Thanks to everyone for their diligence in this and let&rsquo;s try for complete compliance this year.</p>\n\n<p align=\"center\"><strong>Building Security</strong></p>\n\n<p>Our building security is essential to us for our safety and peace of mind. We have 24 security cameras monitoring 24 hours a day. All of the footage is saved to special computers for retrieval at a later date, if necessary.</p>\n\n<p>There is full camera surveillance of most of the common areas such as the outside of both buildings including the visitor parking areas, both building lobbies/entrances and the parking garage. Many of these cameras are hi-def digital and give very clear pictures. The older analogue cameras are being replaced with Digital when they are at the end of their lifespan and no longer work.</p>\n\n<p align=\"center\"><strong>Fire Alarm Testing</strong></p>\n\n<p>On the fourth Monday of every month, a test of the fire alarm system is performed by the Superintendent. This test is always scheduled for 3:00 pm.</p>\n\n<p>The alarm box on the wall in your Condo will go off and it is designed to be very loud and some would say ear-splitting.</p>\n\n<p>During the test, you can silence the alarm by pushing the button located on the alarm box.</p>\n\n<p>Once a year, there is also a mandatory full test of the system on a unit by unit basis. This is conducted by an outside contractor accompanied by the Superintendent. Advance notice of this test will be given.</p>\n\n<p>The contractor will test the function of the alarm box as well as the function of your smoke alarm.</p>\n\n<p>Please note that the alarm box must not be painted, moved or disconnected at any time for any reason.</p>\n\n<p align=\"center\"><strong>Facilities in our Buildings</strong></p>\n\n<p>Here are a few things to remember when making use of the facilities.</p>\n\n<p>The pool and the games room can be used by non-residents <strong>only</strong> if the resident is in attendance.</p>\n\n<p>Before entering the pool, please remember to shower. Be very careful in the showers because we do not want anyone to be injured.</p>\n\n<p>The Exercise room is for the exclusive use of Residents. Non- residents are not allowed in it at any time.</p>\n\n<p>The workshop is for Residents only providing they are part of the Workshop group.</p>\n\n<p align=\"center\"><strong>Access to your Condo</strong></p>\n\n<p>Please ensure that the Super can gain access to your Condo in the event of an emergency for your own safety as well as the safety of your neighbours. Our bylaws state very clearly that <strong><em>&ldquo;The Corporation shall retain a key to all locks on a unit. No Owner shall change any lock or place any additional locks on the doors to any unit without immediately providing to the Corporation a key for each new or changed lock.&rdquo;</em></strong>. If you have not done so yet, please provide a key to your unit to Doug. If you have a security system in place, Doug should also know how to shut it off and turn it back on. Doug is charged with only using the key in the case of an emergency or required safety inspection in the absence of the Owner. With the exception of an emergency, Doug knows in advance if he needs to enter your unit and you will be informed in advance so you can make arrangements to be there if you can.</p>\n\n<p align=\"center\"><strong>Harris Towers Website</strong></p>\n\n<p>The Website has newsletters, announcements, classified ads, Contractor Rules, the Condo Handbook and pictures from the various functions we have had such as Christmas Parties and the Ice Cream Social.</p>\n\n<p>You can also book the party room from the calendar on the website.</p>\n\n<p>Please rest assured that the Website does not replace the hand delivered notices that are necessary from time to time. It is recognized that there are some people who do not have computers or Internet access. Everyone will continue to receive hand delivered special notices.</p>\n\n<p>If you don&rsquo;t have a password or login name, you will not be able to take advantage of all the great things that are available on this site. You can obtain your password and login name from the Super&rsquo;s office.</p>\n\n<p align=\"center\"><strong>A quick note from the WCC. 76 President</strong></p>\n\n<p>&nbsp;</p>\n\n<p>Wishing everybody a great spring and summer. Get out and enjoy the great weather whenever you can.</p>\n\n<p>Financially, the Condo Corporation is in great shape.</p>\n\n<p align=\"center\">----------------------------------------------------------------------------------------------------</p>\n\n<p align=\"center\"><strong>Harris</strong><strong> Towers</strong></p>\n\n<p align=\"center\">&nbsp;&nbsp;&nbsp; e-mail :&nbsp; <a href=\"mailto:harristowers@rogers.com\">harristowers@rogers.com</a></p>\n\n<p>&nbsp;&nbsp;&nbsp;&nbsp;&nbsp;&nbsp;&nbsp;&nbsp;&nbsp;&nbsp;&nbsp;&nbsp;&nbsp;&nbsp;&nbsp;&nbsp;&nbsp;&nbsp;&nbsp;&nbsp;&nbsp;&nbsp;&nbsp;&nbsp;&nbsp;&nbsp;&nbsp;&nbsp;&nbsp;&nbsp;&nbsp;&nbsp;&nbsp;&nbsp;&nbsp;&nbsp;&nbsp;&nbsp;&nbsp;&nbsp;&nbsp;&nbsp;&nbsp;&nbsp;&nbsp;&nbsp;&nbsp; &nbsp;&nbsp;&nbsp;&nbsp;&nbsp;&nbsp;&nbsp;&nbsp; website : &nbsp;http://harristowers.com</p>\n\n<p align=\"center\"><strong>Office # 905-560 5536&nbsp;&nbsp;&nbsp;&nbsp;&nbsp;&nbsp; Emergency # 289-439-4447</strong></p>\n\n<p align=\"center\">&nbsp;</p>\n\n<p align=\"center\">-------------------------------------------------------------------------------------------------------------</p>', 1, 'newsletter', '2015-05-02 14:23:37', NULL),
(24, 'Underground Parking Rules', '<p align=\"center\"><strong><u>Special Notification</u></strong></p>\n\n<p align=\"center\"><strong>Rules for Entering and Exiting the Underground Parking</strong></p>\n\n<p>An incident occurred which has made it necessary to make everyone aware of the rules surrounding the entering and exiting of the Underground Parking.</p>\n\n<p>When you pull up to the garage door either going in or out, you <strong><u>must</u></strong> swipe your FOB before you proceed. It makes no difference if there is a vehicle already in the garage. You must swipe the FOB at all times. If the door has started to close before you swipe, let it close fully in order to prevent damage to the motor and gears by forcing it to reverse in mid-stream.</p>\n\n<p align=\"center\"><strong><u>Entering the Garage</u></strong></p>\n\n<p>When you are entering, you will see a green light that allows you to proceed. Once you are in, you will see the light turn red which means stop. There are also a number of other signs telling you to stop.</p>\n\n<p>When the door has closed, you may proceed to your parking spot. The main reason behind the stopping is to prevent entry by an unauthorized vehicle.</p>\n\n<p>If you are pulling up to the entry and the door is open and you see a vehicle stopped inside, the light will turn green when you swipe your FOB allowing both vehicles to proceed forward. Once you are in, the light will turn red and you must stop as outlined above.</p>\n\n<p align=\"center\"><strong><u>Exiting the Garage</u></strong></p>\n\n<p>The rules are the same as entering with a couple of differences.</p>\n\n<p>Vehicles entering at the same time as you are exiting have the right of way. You must let them enter before you can proceed out of the garage.</p>\n\n<p>Once you are outside the garage you must stop and wait for the door to close. There are no lights involved in exiting.</p>\n\n<p>You may proceed before the door closes if you see another vehicle exiting behind you. This vehicle must now stop until the door closes.</p>\n\n<p align=\"center\"><strong><u>Doors Locked Open on Service </u></strong></p>\n\n<p>If the superintendent has the doors locked open, you may proceed in or out with caution looking out for any pedestrians or service people that may be in the area.</p>\n\n<p>&nbsp;</p>\n\n<p align=\"center\"><strong><u>Special Rules</u></strong></p>\n\n<p>If you are going down the ramp to the second level parking, you are required to <strong>stop at the stop sign</strong> and sound your horn before proceeding.</p>\n\n<p>If you are coming up the ramp, you must sound your horn before entering the ramp.</p>\n\n<p>The horn blowing is necessary to let anyone going down or coming up the ramp know that there is someone on the ramp and they must wait for it to clear. The vehicle that sounds their horn first has the right of way.</p>\n\n<p>For your safety, the safety of pedestrians and the safety of other vehicles in motion, the speed in the underground parking is 10 Kmh or less.</p>\n\n<p>Maintenance of your vehicle is <strong>NOT</strong> allowed in the garage.</p>\n\n<p>&nbsp;</p>\n\n<p>Thanks,</p>\n\n<p>Board of Directors WCC76</p>', 1, 'newsletter', '2015-07-20 05:23:42', NULL),
(25, 'Summer 2015', '<p align=\"center\">&nbsp;</p>\n\n<p align=\"center\"><strong>WCC. 76</strong></p>\n\n<p align=\"center\"><strong>Harris</strong><strong> Towers</strong><strong> Newsletter </strong></p>\n\n<p align=\"center\"><strong>Summer 2015</strong></p>\n\n<p>Hello everyone.</p>\n\n<p>We hope you have had a good summer so far. It has been a rather cool one up until recently and we are now into the hot weather. Remember to drink lots of fluid in order to stay hydrated.</p>\n\n<p align=\"center\"><strong>Special Notes</strong></p>\n\n<p>This Newsletter is the Board of Directors way of keeping you up to date on things that have been happening in and around the two buildings. It is also a way to for us to reiterate some rules and regulations that you may not be aware of or have forgotten.</p>\n\n<p>Previous editions of the newsletter are available for viewing on the Website at <a href=\"http://harristowers.com\">http://harristowers.com</a> along with lots of other good stuff.</p>\n\n<p>If you know of any person or activity you would like to see mentioned in the newsletter, please let me know. You can send comments or ideas to <a href=\"mailto:calder408@gmail.com\">calder408@gmail.com</a> or call Bill at 905-538-6060.</p>\n\n<p>The gardens are looking great. Doug and Sylvia asked for volunteers to help them maintain the grounds over and above the job that our landscapers do. Herb and Karen Rakowski in 40 Building answered their call and have been working tirelessly in the courtyard. As a result, it is looking better than it ever has before and we thank them very much.</p>\n\n<p>The Annual General Meeting has been scheduled for September 23<sup>rd</sup> and will take place in the 40 building community room. We had it there last year and it worked out very well. There will be two Board of Director spots open for election this year so if you wish to run for them, please be sure to get your name, address and your intention to run for election in writing to the Property Manager by August 24<sup>th</sup> in order to be added to the official notification of the meeting. These spots are volunteer positions last for a duration of three years.</p>\n\n<p>The annual Ice Cream Social has been changed to a Wine and Cheese Social and will take place in the courtyard on August 24<sup>th</sup>, 2015. If the weather is inclement, it will be moved to the community room in 40 Building. Come out and have some wine and cheese and get to know the other people in the buildings. Remember that it is for residents only so please do not invite anyone else.</p>\n\n<p align=\"center\"><strong>New &ldquo;Slider Windows&rdquo; Replacement Project</strong></p>\n\n<p>At this writing, the slider windows 30 building are finished. Work is moving along and small problems encountered have been fixed or are being fixed. Window testing and final inspection are scheduled for the week of July 20<sup>th.</sup></p>\n\n<p>The window replacements in 40 building are tentatively scheduled to be started on August 4<sup>th</sup>.</p>\n\n<p>D&eacute;cor, the company who is installing the windows, is doing a great job and we are looking forward to the completion of this major project sometime in late September.</p>\n\n<p>The people that have portable air conditioners will still be able to use them with the new windows but there will be a cost to the owner.</p>\n\n<p>The plan is to get an Acrylic window to replace the screen and have holes cut in them to accommodate the hose fitting. The screens on the new windows are very easy to remove. Unfortunately, the air conditioners are not standard and some have 4&rdquo; or 5&rdquo; holes for the hose adapter, some have 2 hoses to be vented, some are snap-in and others are screwed in. There is also a significant difference in window sizes between the buildings and the units themselves. This means that the cost can vary significantly from one unit to the next and as a result, we were not able to contract for bulk pricing.</p>\n\n<p>Once your windows are in, measure the size of the screen and then take this information and your hose adapter to P &amp; A Plastics at 150 Main Street in Hamilton. They will give you a price and will also mount the adapter to the Plexiglas. Please note that it must be Plexiglas only and plywood is not acceptable.</p>\n\n<p align=\"center\"><strong>Toilet Seals</strong></p>\n\n<p>The seals on the toilets are the owners&rsquo; responsibility. Please check regularly to make sure there is no leaking around the base of the toilet. If you do see leaking, you must get the seal replaced.</p>\n\n<p>If there is any damage to the unit below you from a leaking seal, you will be charged back the cost of any repairs made to that unit as a result of the leak.</p>\n\n<p align=\"center\"><strong>Green Metal Recycling Bin</strong></p>\n\n<p>The green small appliance recycling bin is <strong>not</strong> a &ldquo;Dump All&rdquo; and is not to be used for <strong>ANY</strong> renovation waste or other garbage. It is for any metal you may have to discard or for small appliances or electronics that you no longer want (TV&rsquo;s, computers etc.). You can make arrangements to have large appliances removed from your unit by calling Robert at <strong>905-923-8984</strong>. He will be happy to arrange removal at no charge to you.</p>\n\n<p align=\"center\"><strong>Building Security</strong></p>\n\n<p>Our building security is essential to us for our safety and peace of mind. We have 24 security cameras monitoring 24 hours a day. All of the footage is saved to special computers for retrieval at a later date, if necessary. If you notice anyone trespassing, causing damage to our property or making prank calls from the lobby in order to enter the buildings, please call the Police at 911.</p>\n\n<p>If you receive a threatening call from the Lobby from someone you do not know requesting entry, hang up and call 911 and report that there is someone trying to get into the building. Under no circumstances should you let them in or listen to what they are saying.</p>\n\n<p>&nbsp;If necessary, we will be able to supply the police with pictures and video of the perpetrators from our camera surveillance to help in their investigations.&nbsp;&nbsp;</p>\n\n<p align=\"center\"><strong>Fire Alarm Testing</strong></p>\n\n<p>On the fourth Monday of every month, a test of the fire alarm system is performed by the Superintendent. This test is always scheduled for 3:00 pm.</p>\n\n<p>The alarm box on the wall in your Condo will go off and it is designed to be very loud and some would say ear-splitting.</p>\n\n<p>During the test, you can silence the alarm by pushing the button located on the alarm box.</p>\n\n<p>Once a year, there is also a mandatory full test of the system on a unit by unit basis. This is conducted by an outside contractor accompanied by the Superintendent. Advance notice of this test will be given.</p>\n\n<p>The contractor will test the function of the alarm box as well as the function of your smoke alarm.</p>\n\n<p><strong>Please note that the alarm box must not be painted, moved or disconnected at any time for any reason.</strong></p>\n\n<p align=\"center\"><strong>Facilities in our Buildings</strong></p>\n\n<p>Here are a few things to remember when making use of the facilities.</p>\n\n<p>The pool and the games room can be used by non-residents <strong>only</strong> if the resident is in attendance.</p>\n\n<p>Before entering the pool, please remember to shower. Be very careful in the showers because we do not want anyone to be injured.</p>\n\n<p>The Exercise room is for the exclusive use of Residents. Non- residents are not allowed in it at any time.</p>\n\n<p>The workshop is for Residents only providing they are part of the Workshop group.</p>\n\n<p align=\"center\"><strong>Access to your Condo</strong></p>\n\n<p>Please ensure that the Super can gain access to your Condo in the event of an emergency for your own safety as well as the safety of your neighbours. Our bylaws state very clearly that <strong><em>&ldquo;The Corporation shall retain a key to all locks on a unit. No Owner shall change any lock or place any additional locks on the doors to any unit without immediately providing to the Corporation a key for each new or changed lock.&rdquo;</em></strong>. If you have not done so yet, please provide a key to your unit to Doug. If you have a security system in place, Doug should also know how to shut it off and turn it back on. Doug is charged with only using the key in the case of an emergency or required safety inspection in the absence of the Owner. With the exception of an emergency, Doug knows in advance if he needs to enter your unit and you will be informed in advance so you can make arrangements to be there if you can.</p>\n\n<p align=\"center\"><strong>Harris Towers Website</strong></p>\n\n<p>The Website has newsletters, announcements, classified ads, Contractor Rules, the Condo Handbook and pictures from the various functions we have had such as Christmas Parties and the Ice Cream Social.</p>\n\n<p>You can also book the party room from the calendar on the website.</p>\n\n<p>Please rest assured that the Website does not replace the hand delivered notices that are necessary from time to time. It is recognized that there are some people who do not have computers or Internet access. Everyone will continue to receive hand delivered special notices.</p>\n\n<p>If you don&rsquo;t have a password or login name, you will not be able to take advantage of all the great things that are available on this site. You can obtain your password and login name from the Super&rsquo;s office.</p>\n\n<p align=\"center\"><strong>A quick note from the WCC. 76 President</strong></p>\n\n<p>Wishing everybody a great summer and fall. Get out and enjoy the great weather whenever you can.</p>\n\n<p>You may wonder why some of the content is a repeat of previous newsletters. We do this for the benefit of the new Owners who may not be aware of some of the rules.</p>\n\n<p>Financially, the Condo Corporation is in great shape.</p>\n\n<p align=\"center\">----------------------------------------------------------------------------------------------------</p>\n\n<p align=\"center\"><strong>Harris</strong><strong> Towers</strong></p>\n\n<p align=\"center\">&nbsp;&nbsp;&nbsp; e-mail :&nbsp; <a href=\"mailto:harristowers@rogers.com\">harristowers@rogers.com</a></p>\n\n<p>&nbsp;&nbsp;&nbsp;&nbsp;&nbsp;&nbsp;&nbsp;&nbsp;&nbsp;&nbsp;&nbsp;&nbsp;&nbsp;&nbsp;&nbsp;&nbsp;&nbsp;&nbsp;&nbsp;&nbsp;&nbsp;&nbsp;&nbsp;&nbsp;&nbsp;&nbsp;&nbsp;&nbsp;&nbsp;&nbsp;&nbsp;&nbsp;&nbsp;&nbsp;&nbsp;&nbsp;&nbsp;&nbsp;&nbsp;&nbsp;&nbsp;&nbsp;&nbsp;&nbsp;&nbsp;&nbsp;&nbsp; &nbsp;&nbsp;&nbsp;&nbsp;&nbsp;&nbsp;&nbsp;&nbsp; website : &nbsp;<a href=\"http://harristowers.com\">http://harristowers.com</a></p>\n\n<p align=\"center\"><strong>Office # 905-560 5536&nbsp;&nbsp;&nbsp;&nbsp;&nbsp;&nbsp; Emergency # 289-439-4447</strong></p>\n\n<p align=\"center\">-------------------------------------------------------------------------------------------------------------</p>\n\n<p>&nbsp;</p>\n\n<p align=\"center\">&nbsp;</p>', 1, 'newsletter', '2015-07-28 21:39:27', '2015-08-11 12:11:18');
INSERT INTO `newsletters` (`newsletterId`, `newsletterHeading`, `newsletterBody`, `active`, `type`, `creationDateTime`, `updatedDateTime`) VALUES
(26, 'Fall 2015', '<p align=\"center\"><strong>WCC. 76</strong></p>\n\n<p align=\"center\"><strong>Harris</strong><strong> Towers</strong><strong> Newsletter </strong></p>\n\n<p align=\"center\"><strong>Fall 2015</strong></p>\n\n<p>Hello everyone.</p>\n\n<p>Fall is now slowly turning to winter. We hope you had a great summer.</p>\n\n<p>We would like to take this opportunity to welcome all the new residents to our condominium and strongly urge you to read your handbook and get familiar with our rules and bylaws.</p>\n\n<p align=\"center\"><strong>Special Notes</strong></p>\n\n<p>This Newsletter is the Board of Directors&rsquo; way of keeping you up to date on things that have been happening in and around the two buildings. It is also a way to for us to reiterate some rules and regulations that you may not be aware of or have forgotten.</p>\n\n<p>Previous editions of the newsletter are available for viewing on the Website at <a href=\"http://harristowers.com\">http://harristowers.com</a> along with lots of other good stuff. If you do not have it already, you can obtain your login ID and password for the Owner&rsquo;s area of the Website from the Superintendent.</p>\n\n<p>The AGM was held on September 23, 2015 and was very well attended. The sound system was much improved over last year.</p>\n\n<p>We would like to congratulate Bill Calder and Bob Smart on their election to the Board.</p>\n\n<p>The annual Ice Cream Social in the courtyard was changed to a wine and cheese get together in the community room. It was a great success and very well attended.</p>\n\n<p>We finally seem to have all the bugs fixed with our new Garage Door system. It had to be reverted to the counterweight system since the spring system wasn&rsquo;t working out. Thanks to everyone for their patience while we sorted all the problems.</p>\n\n<p>We have replaced the elevator, lobby and vestibule areas with new carpeting. It is top of the line carpeting and will hold up much better than the carpet we had. It looks great too!!!</p>\n\n<p align=\"center\"><strong>New &ldquo;Slider Windows&rdquo; Replacement Project</strong></p>\n\n<p>The replacement project is now fully under way. The 30 Building is completely finished and the 40 building is &frac34; finished with a final completion date at the end of November depending on the delivery of the remaining windows. We have had positive feedback from many residents about the windows. Outside noise levels have been diminished, rattling of the sliders in high winds is now gone and the heating is more uniform throughout the units now with no more air leaks to contend with. The installers themselves have done a good job and are very professional in their work and receptive to any problems encountered by the residents.</p>\n\n<p align=\"center\"><strong>Library/Card Room</strong></p>\n\n<p>There is a Library and card room in the B Level of 30 Building across from the men&rsquo;s entrance to the pool. It is accessible to all residents at any time.</p>\n\n<p>Bid Euchre is played there every Friday evening starting at 7:00 pm and every resident is welcome to participate. There are no fees to join and it is a very relaxed atmosphere.</p>\n\n<p>If you are not sure how to play, the players will be more than happy to teach you. It is a fun time and a good chance to meet other residents.</p>\n\n<p>There is a nominal fee of $1.00 to play and cash prizes are awarded at the end of the night.</p>\n\n<p>This room also has a paperback Library and all residents are invited to take any books they wish to read at no cost. You can also drop off any paperbacks that you don&rsquo;t want any more and they will be shelved by the &ldquo;Library Ladies&rdquo; for other people to enjoy.</p>\n\n<p align=\"center\"><strong>Parking Garage</strong></p>\n\n<p>The Garage door is for vehicles only. There is NO pedestrian traffic allowed in or out through this door.</p>\n\n<p>Remember to turn down your radio when approaching the garage door. There are people in units adjacent to the door and we need to respect their rights.</p>\n\n<p>When entering or exiting the Garage, you are required to <strong>wait until the door closes</strong> before continuing on your way. The ONLY exceptions are another car entering or exiting behind you or if the Superintendent has the doors open for service. There is a good reason for this and that is to prevent any unauthorized cars from entering our garage. This was tested recently when the super was looking at his cameras and saw a car acting very strangely, going from the parking lot at 40 to the parking at 30 and finally backing into the spot across from the garage door. A resident opened the door to go in and did not stop to wait for the garage door to close. The car in the parking lot then immediately headed to the door and went in before it closed. Doug, who had been watching this car, immediately left his office when he saw the car start to move and intercepted the individual before he could go anywhere. He was not a resident. Copies of his driver&rsquo;s license and plates were taken and he was allowed to leave with the assurance that if he showed up here again, he would be charged with trespassing.</p>\n\n<p align=\"center\"><strong>Garbage and Recycling</strong></p>\n\n<p>The following rules are in effect for the garbage and recycling bins.</p>\n\n<p>It is your responsibility to ensure that you break down all cardboard boxes so that they fit properly in the blue bin. Do not leave the cardboard outside of the bin.</p>\n\n<p>The green small appliance recycling bin across from the garbage room is <strong>not</strong> a &ldquo;Dump All&rdquo; and is not to be used for <strong>ANY</strong> renovation waste or other garbage. It is for any metal you may have to discard or for small appliances or electronics that you no longer want (TV&rsquo;s, computers etc.). <strong>You can make arrangements to have large appliances (refrigerators and stoves) removed from your unit by calling </strong><strong>Robert at</strong> <strong>905-923-8984</strong><strong>. He will be happy to arrange removal at no charge to you.</strong></p>\n\n<p>The green food waste bins are now in place. We ask that you do not use plastic bags for your food waste. It must be in compostable bags only.</p>\n\n<p align=\"center\"><strong>Selling Your Condo</strong></p>\n\n<p>If you plan on selling your Condo, please remember that any extra storage lockers or parking spaces that you currently rent from the Corporation are automatically returned to the Corporation for renting out to people who may be on a waiting list. Make sure your Real Estate Agent is aware of this as it can&rsquo;t be used as a selling feature. There is one storage locker and one parking space provided per Condo.</p>\n\n<p align=\"center\"><strong>Storage Lockers</strong></p>\n\n<p>A storage locker is provided with each Condo and there are some rules that must be obeyed.</p>\n\n<p><strong>Items must be stored inside the lockers only</strong>. Do not put anything on top because the fire code requires that there be 18&rdquo; of space between the top of the lockers and the sprinkler heads. <strong>If you are storing anything outside of the locker it will be removed by the Superintendent.</strong></p>\n\n<p>Please check your locker to ensure compliance.</p>\n\n<p>Remember to turn off the lights in the storage room when you leave it. It is a waste of electricity to leave them on and it ends up costing us all money.</p>\n\n<p align=\"center\"><strong>Visitor Parking</strong></p>\n\n<p>Visitor parking spaces are clearly marked and are to be used by bona fide visitor vehicles only. If visitors are staying overnight or for a few days, a parking registration card available from the Superintendent should be placed on the dashboard so that it is easily seen.</p>\n\n<p>Residents, under Section 5.2 of the Rules and Regulations, may park in the visitor parking area no longer than a 60-minute period. Residents who have more vehicles than parking spaces owned, must make arrangements to rent an extra parking space if available. The Corporation or an existing unit owner may have a parking space for rent. Make an inquiry to the Superintendent.</p>\n\n<p>Visitors are not allowed to park in the underground garage.</p>\n\n<p>Residents who abuse the use of the visitor parking area are subject to a fine and possible tow-away.</p>\n\n<p>There is also a Handicap spot available. This is solely for visitor use and should not be used by residents for any length of time.</p>\n\n<p align=\"center\"><strong>Elevator in 40 Building</strong></p>\n\n<p>The freight elevator in 40 building had to be taken out of service due to a faulty bearing in the lifting and lowering mechanism. Our elevator contractor (Steel City Elevator) caught the problem in the early stages, preventing a major problem which could have translated into a very long and expensive repair. As of this writing, it is still down but should be working again in a matter of a few days. The new bearing is installed, the lifting mechanism is put back together and repairs to the counterweight system are underway.</p>\n\n<p align=\"center\"><strong>Water Heater Suggestion</strong></p>\n\n<p>Every water heater has a pressure relief valve which opens up if the pressure in the tank rises too high. When this valve opens up, hot water gushes out until the pressure is reduced. If the valve is faulty or does not open, the pressure will build up until the seams start to split and the tank will open up and discharge its contents. Meanwhile, the cold water coming into the tank will also add to the mess until it is turned off. The damage caused by this flooding will also happen to the units below you.</p>\n\n<p>It is suggested that the valve should be tested once a year. The water coming out of it should be directed towards the floor by way of a drain hose piped into the valve. Please note that the water coming out of that valve if it is opened is extremely hot. Proper care must be used during the testing. Any competent plumber can check this valve very quickly and install the piping if it is not there.</p>\n\n<p>The valve may be on the <strong>side or the top</strong> of the heater.</p>\n\n<p align=\"center\"><strong>A quick note from the WCC. 76 President</strong></p>\n\n<p>Wishing everybody a great Fall and Winter.</p>\n\n<p>I am looking forward to the Window Installations being completed. It has been a long haul but the end is in sight. They will be a great benefit to all of us by cutting down on heat loss and in some cases, eliminating the rattling noise during high winds.</p>\n\n<p>Your cooperation in this project is very much appreciated.</p>\n\n<p>If you have any ideas about what you would like to see addressed in the next newsletter, please send an e-mail to <a href=\"mailto:calder408@gmail.com\">calder408@gmail.com</a> or leave a written note with the Super.</p>\n\n<p>&nbsp;</p>\n\n<p>All is well financially with your condominium corporation.</p>\n\n<p align=\"center\">&nbsp;</p>\n\n<p align=\"center\">----------------------------------------------------------------------------------------------------</p>\n\n<p align=\"center\">&nbsp;</p>\n\n<p align=\"center\"><strong>Harris</strong><strong> Towers</strong></p>\n\n<p align=\"center\">&nbsp;&nbsp;&nbsp; e-mail :&nbsp; <a href=\"mailto:harristowers@rogers.com\">harristowers@rogers.com</a></p>\n\n<p>&nbsp;&nbsp;&nbsp;&nbsp;&nbsp;&nbsp;&nbsp;&nbsp;&nbsp;&nbsp;&nbsp;&nbsp;&nbsp;&nbsp;&nbsp;&nbsp;&nbsp;&nbsp;&nbsp;&nbsp;&nbsp;&nbsp;&nbsp;&nbsp;&nbsp;&nbsp;&nbsp;&nbsp;&nbsp;&nbsp;&nbsp;&nbsp;&nbsp;&nbsp;&nbsp;&nbsp;&nbsp;&nbsp;&nbsp;&nbsp;&nbsp;&nbsp;&nbsp;&nbsp;&nbsp;&nbsp;&nbsp; &nbsp;&nbsp;&nbsp;&nbsp;&nbsp;&nbsp;&nbsp;&nbsp; website : &nbsp;<a href=\"http://harristowers.com\">http://harristowers.com</a></p>\n\n<p align=\"center\">&nbsp;</p>\n\n<p align=\"center\"><strong>Office # 905-560 5536&nbsp;&nbsp;&nbsp;&nbsp;&nbsp;&nbsp; Emergency # 289-439-4447</strong></p>\n\n<p align=\"center\">&nbsp;</p>\n\n<p align=\"center\">-------------------------------------------------------------------------------------------------------------</p>', 1, 'newsletter', '2015-11-10 08:21:39', NULL),
(27, 'Winter 2016', '<p align=\"center\"><strong>WCC. 76</strong></p>\n\n<p align=\"center\"><strong>Harris</strong><strong> Towers</strong><strong> Newsletter </strong></p>\n\n<p align=\"center\"><strong>Winter 2016</strong></p>\n\n<p>March certainly came in like a lion. Let&rsquo;s hope it goes out like the proverbial lamb.</p>\n\n<p>This Newsletter is the Board of Directors way of keeping you up to date on things that have been happening in and around the two buildings. It is also a way for us to reiterate some rules and regulations that you may not be aware of or have forgotten.</p>\n\n<p>You may notice some repetition from other newsletters and the reason for that is there are many new Owners who have not had the opportunity to read previous newsletters.</p>\n\n<p>Previous editions of the newsletter are available for viewing on the Website at <a href=\"http://harristowers.com\">http://harristowers.com</a> along with lots of other good stuff.</p>\n\n<p>If you know of any person or activity you would like to see mentioned in the newsletter, please let me know. You can send comments or ideas to <a href=\"mailto:calder408@gmail.com\">calder408@gmail.com</a> or call Bill at 905-538-6060.</p>\n\n<p align=\"center\"><strong>Special Notes</strong></p>\n\n<p>Doug and Sylvia hosted another successful Christmas party. The party was planned and set up by them and has been in place for five years now. They provided ample food and drink and special treats were provided by some of the owners. It was well attended and a very good time was had by all.</p>\n\n<p>This year, the outdoor Ice Cream Social was replaced with a wine and cheese party in the community room. It was very well attended and everyone had a good time.</p>\n\n<p>Major repairs and cable system overhauls have been completed in both the 40 Building elevators. They are running very smoothly now and should be trouble free for many years to come. The same work will soon be starting in the elevators in 30 Building.</p>\n\n<p>We are also getting a quote to upgrade and modernize the cabs and we will keep you updated on that issue.</p>\n\n<p>The <u>outdoor</u> window cleaning is being scheduled for late spring.</p>\n\n<p>This year, thanks to the design of the new windows, it will not be necessary for you to remove your screens in order to get the windows cleaned.</p>\n\n<p>A very big Thank You to Doug and Sylvia for all their seasonal decorating. They do a great job and it is appreciated. Many of the Christmas decorations were hand crafted by Sylvia herself and she obviously is a very talented lady.</p>\n\n<p>On the same note, we would like to give a big Thank You to Bev Cadieux for the great seasonal pictures that she places in the elevators for our enjoyment.</p>\n\n<p align=\"center\"><strong>Smoking</strong></p>\n\n<p>Smoking is not permitted in any of the non-exclusive common elements. This includes the change rooms and the parking garage. Cigarette butts have recently been found in both of those locations and it has to stop.</p>\n\n<p align=\"center\"><strong>What is a Section 98 and how does it apply to me</strong></p>\n\n<p>The Condominium Act, 1998, has 2 sections that deal with the common elements in a Condominium.</p>\n\n<p>Section 97 describes the rules in effect for the repair or maintenance of common elements and Section 98 describes the rules in effect for balconies, also known as a common area with exclusive use by the owner of the unit.</p>\n\n<p>The overriding rule for section 98 is that no owner is allowed to make any changes or alterations to the balcony or its structure without the approval of the Board of Directors. This approval can only happen if the owners fill out a Section 98 form (obtained from the Super or the Property Manager) outlining the changes requested. If the Board approves it, the owner must then have it registered at the Land Titles Office at their cost (approx. $350.00) before any work is started.</p>\n\n<p>The changes, if approved, become the responsibility of the Unit Owner with regards to any maintenance or repair needed to the changed elements.</p>\n\n<p>The changes currently approved by the Board are for screens and air conditioning but other changes may be approved as well.</p>\n\n<p>If you currently have any changes in place on your balcony and they were not registered by you or a previous owner, it is your responsibility to retroactively obtain a section 98 form, get approval by the Board and register it with the Land Titles Office.</p>\n\n<p align=\"center\"><strong>New &ldquo;Slider Windows&rdquo; Replacement Project</strong></p>\n\n<p>The slider window replacements have been completed with the exception of 4 kitchen windows which should be completed in March, 2016. Plans are now being finalized to start replacing the fixed windows that have been identified as needing replacement. We hope to start that soon.</p>\n\n<p align=\"center\"><strong>Green Metal Recycling Bin</strong></p>\n\n<p>The green small appliance recycling bin is <strong>not</strong> a &ldquo;Dump All&rdquo; and is not to be used for <strong>ANY</strong> renovation waste or other garbage. It is for any metal you may have to discard or for small appliances or electronics that you no longer want (TV&rsquo;s, computers etc.).</p>\n\n<p>The Super enforces the rules through the use of the security cameras. If he notices someone putting in non-metal waste, he will bring it to their attention and require them to remove it and dispose of it properly.</p>\n\n<p align=\"center\"><strong>Garage Rules</strong></p>\n\n<p>The Garage door is for vehicles only. There is NO pedestrian traffic allowed in or out through this door.</p>\n\n<p>Remember to turn down your radio when approaching the garage door. There are people in units adjacent to the door and we need to respect their rights.</p>\n\n<p>When entering or exiting the Garage, you are required to <strong>wait until the door closes</strong> before continuing on your way. The ONLY exceptions are another car entering or exiting behind you or if the Superintendent has the doors open for service.</p>\n\n<p>Many times a car will come up to the door while you are waiting for it to close. The approaching car must swipe their fob and when they do, the light inside will turn green. When that happens, you can carry on and let them in behind you. The main reason for this is to prevent any unauthorized cars from entering our garage.</p>\n\n<p align=\"center\"><strong>Building Security</strong></p>\n\n<p>Our building security is essential to us for our safety and peace of mind. We have 24 security cameras monitoring 24 hours a day. All of the footage is saved to special computers for retrieval at a later date if necessary.</p>\n\n<p>There is full camera surveillance of the common areas such as the outside of both buildings including the visitor parking areas, both building lobbies/entrances and the parking garage.</p>\n\n<p align=\"center\"><strong>Facilities in our Buildings</strong></p>\n\n<p>Here are a few things to remember when making use of the facilities.</p>\n\n<p>The pool and the games room can be used by non-residents <strong>only</strong> if the resident is in attendance.</p>\n\n<p>Before entering the pool, please remember to shower.</p>\n\n<p>The Exercise room is for the exclusive use of Residents. Non- residents are not allowed in it at any time.</p>\n\n<p>The workshop is for Residents only providing they are part of the Workshop group.</p>\n\n<p align=\"center\"><strong>Outside Visitor Parking</strong></p>\n\n<p>Parking is strictly for Visitors only. Residents are allowed to park in visitor parking for an hour only. The Superintendent monitors this regularly and will place a warning ticket on the windshield of anyone who abuses this rule. He also has the authority to call Hamilton By-Law Enforcement for repeat offenders who will then be ticketed and/or towed.</p>\n\n<p>If you have a visitor that is staying for the night, a special pass can be obtained from the Super that will allow them to park overnight without being ticketed.</p>\n\n<p align=\"center\"><strong>Harris Towers Website</strong></p>\n\n<p>The Website has newsletters, announcements, classified ads, Contractor Rules, the Condo Handbook and pictures from the various functions we have had such as Christmas Parties and other social activities.</p>\n\n<p>You can also book the party room from the calendar on the website.</p>\n\n<p>Please rest assured that the Website does not replace the hand delivered notices that are necessary from time to time. It is recognized that there are some people who do not have computers or Internet access. Everyone will continue to receive hand delivered special notices.</p>\n\n<p>If you don&rsquo;t have a password or login name, you will not be able to take advantage of all the great things that are available on this site. You can obtain your password and login name from the Super&rsquo;s office.</p>\n\n<p align=\"center\"><strong>A quick note from the WCC. 76 President</strong></p>\n\n<p>Wishing everybody a great 2016.</p>\n\n<p>All is well financially with your condominium corporation.</p>\n\n<p>Like you, I am eagerly awaiting the return of spring.</p>\n\n<p align=\"center\"><strong>Harris</strong><strong> Towers</strong></p>\n\n<p align=\"center\">&nbsp;&nbsp;&nbsp; e-mail :&nbsp; <a href=\"mailto:harristowers@rogers.com\">harristowers@rogers.com</a></p>\n\n<p>&nbsp;&nbsp;&nbsp;&nbsp;&nbsp;&nbsp;&nbsp;&nbsp;&nbsp;&nbsp;&nbsp;&nbsp;&nbsp;&nbsp;&nbsp;&nbsp;&nbsp;&nbsp;&nbsp;&nbsp;&nbsp;&nbsp;&nbsp;&nbsp;&nbsp;&nbsp;&nbsp;&nbsp;&nbsp;&nbsp;&nbsp;&nbsp;&nbsp;&nbsp;&nbsp;&nbsp;&nbsp;&nbsp;&nbsp;&nbsp;&nbsp;&nbsp;&nbsp;&nbsp;&nbsp;&nbsp;&nbsp; &nbsp;&nbsp;&nbsp;&nbsp;&nbsp;&nbsp;&nbsp;&nbsp; website : &nbsp;http://harristowers.com</p>\n\n<p align=\"center\"><strong>Office # 905-560 5536&nbsp;&nbsp;&nbsp;&nbsp;&nbsp;&nbsp; Emergency # 289-439-4447</strong></p>', 1, 'newsletter', '2016-03-13 08:50:04', NULL),
(28, 'Window Restrictors - 2016', '<p>March 30, 2016</p>\n\n<p align=\"center\"><strong>Special Notice to All Residents</strong></p>\n\n<p>The new slider replacement windows have now been installed. With the warmer weather just around the corner, we feel that a reminder about the windows is in order.</p>\n\n<p>The new windows have been installed with restrictors to limit the opening of the windows.</p>\n\n<p><strong>These restrictors are required by Code and should not be removed</strong>.</p>\n\n<p>If you remove these restrictors in order to open the window wider, you create a safety, legal and a performance issue.</p>\n\n<p>With the restrictor removed and the window opened fully, the window is subject to distortion of the frame if the wind catches it.&nbsp; This creates a situation where the window will not close properly and there is the possibility of leaks from the seal around the window.</p>\n\n<p>This also voids the guarantee as well as putting you in violation of the Condo bylaws which prohibit the altering of a common element without prior Board approval.</p>\n\n<p>The windows, as installed, have been wind rated at a C5 level which is the highest rating available. The &quot;C&quot;&nbsp;rating refers to&nbsp;the wind load resistance (structural strength of the windows due to&nbsp;wind), which is measured&nbsp;with the window in the closed position. &nbsp;Although C5 is the highest rating available, the windows should not&nbsp;be left open during high winds. &nbsp;It is recommended that the windows be kept closed in high winds&nbsp;or opened the smallest amount possible to avoid catching the wind.</p>\n\n<p>WCC #76 Board of Directors</p>', 1, 'newsletter', '2016-04-04 07:51:38', NULL),
(29, 'Spring 2016', '<p align=\"center\">&nbsp;</p>\n\n<p align=\"center\"><strong>WCC. 76</strong></p>\n\n<p align=\"center\"><strong>Harris</strong><strong> Towers</strong><strong> Newsletter </strong></p>\n\n<p align=\"center\"><strong>Spring 2016</strong></p>\n\n<p>Summer is just around the corner and the heat wave we just had is a reminder of that. We hope everyone is coping well with the weather.</p>\n\n<p>Previous editions of the newsletter are available for viewing on the Website at <a href=\"http://harristowers.com\">http://harristowers.com</a> along with lots of other good stuff.</p>\n\n<p>If you know of any person or activity you would like to see mentioned in the newsletter, please let me know. You can send comments or ideas to <a href=\"mailto:calder408@gmail.com\">calder408@gmail.com</a> or call Bill at 905-538-6060.</p>\n\n<p align=\"center\"><strong>Special Notes</strong></p>\n\n<p>Doug and Sylvia have again enlisted the volunteer help of Herb and Karen Rakowski to get the gardens planted and maintained. Things are starting to look good and I am sure the gardens will be a showcase the way they were last year.</p>\n\n<p>Major repairs and cable system overhauls have been started in the 30 Building elevators. The freight elevator is currently down while the repairs are being made and after completion and thorough testing, work will begin on the other elevator. We are sorry for this inconvenience but these upgrades are necessary to ensure that we continue to have safe and well maintained buildings.</p>\n\n<p>We are also getting quotes to upgrade and modernize the elevator cabs in both buildings. This will involve updating the interior look as well as the controls.</p>\n\n<p>The line painting in B2 and the arrows and markers in B1 and B2 have been completed. Next stage is to seal and paint the outside area and visitor parking. This will happen in a couple of weeks and advance notice will be given. It will involve going in and out of the garage by a different route but there will be someone directing the traffic that day. Your patience in this maintenance is very much appreciated.</p>\n\n<p>We have installed a new flat screen TV in the workout room. This will provide some much needed entertainment while you work hard to shed those winter pounds.</p>\n\n<p>As reminder to everyone, the Garage door is for vehicular traffic <strong>only</strong>. The one exception is to allow the Superintendent to put the bins etc. out for pickup. <u>Pedestrians are not to use it for entering or exiting the garage. </u></p>\n\n<p align=\"center\"><strong>Window Cleaning</strong></p>\n\n<p>The <u>outdoor</u> window cleaning has been completed. This was a new company that we hired due to complaints and poor workmanship from the previous company. There were a number of problems with this company in getting things started properly and on time and we apologize for the lack of proper notice. We should have given you a better timeline for the work but our hands were tied.</p>\n\n<p>The quality of work they provided was not up to our standards and we are taking this company to task for it.</p>\n\n<p align=\"center\"><strong>New &ldquo;Slider Windows&rdquo; Replacement Project</strong></p>\n\n<p>The slider window replacements have been completed in both buildings and the deficiencies are now being addressed. The Board would like to extend our thanks to everyone for their patience during this major renovation. A few problems were encountered and dealt with by D&eacute;cor, the company that did the installations.</p>\n\n<p>The project to replace fixed windows that have been identified as needing replacement is now underway.</p>\n\n<p align=\"center\"><strong>Green Metal Recycling Bin</strong></p>\n\n<p>The green small appliance recycling bin is <strong>not</strong> a &ldquo;Dump All&rdquo; and is not to be used for <strong>ANY</strong> renovation waste or other garbage. It is for any metal you may have to discard or for small appliances or electronics that you no longer want (TV&rsquo;s, computers etc.).</p>\n\n<p>The Super enforces the rules through the use of the security cameras. If he notices someone putting in non-metal waste, he will bring it to their attention and require them to remove it and dispose of it properly.</p>\n\n<p align=\"center\"><strong>Carpeting</strong></p>\n\n<p>We are currently getting quotes for the carpet replacement in the hallways on each floor. We hope to get this project underway soon.</p>\n\n<p align=\"center\"><strong>Building Security</strong></p>\n\n<p>Our building security is essential to us for our safety and peace of mind. We have 24 security cameras monitoring 24 hours a day. All of the footage is saved to special computers for retrieval at a later date if necessary.</p>\n\n<p>There is full camera surveillance of the common areas such as the outside of both buildings including the visitor parking areas, both building lobbies/entrances and the parking garage.</p>\n\n<p align=\"center\"><strong>Stairway Restoration</strong></p>\n\n<p>The fire stairs from the parking areas are in need of repair/replacement and this project will be started this month. This restoration should not impact anyone using the underground parking. We are also getting quotes to repair the water leakage in the parking ramp area.</p>\n\n<p align=\"center\"><strong>Outside Visitor Parking</strong></p>\n\n<p>Parking is strictly for Visitors only. Residents are allowed to park in visitor parking for an hour only. The Superintendent monitors this regularly and will place a warning ticket on the windshield of anyone who abuses this rule. He also has the authority to call Hamilton By-Law Enforcement for repeat offenders who will then be ticketed and/or towed.</p>\n\n<p>If you have a visitor that is staying for the night, a special pass can be obtained from the Super that will allow them to park overnight without being ticketed.</p>\n\n<p align=\"center\"><strong>Harris Towers Website</strong></p>\n\n<p>The Website has newsletters, announcements, classified ads, Contractor Rules, the Condo Handbook and pictures from the various functions we have had such as Christmas Parties and other social activities.</p>\n\n<p>You can also book the party room from the calendar on the website.</p>\n\n<p>Please rest assured that the Website does not replace the hand delivered notices that are necessary from time to time. It is recognized that there are some people who do not have computers or Internet access. Everyone will continue to receive hand delivered special notices.</p>\n\n<p>If you don&rsquo;t have a password or login name, you will not be able to take advantage of all the great things that are available on this site. You can obtain your password and login name from the Super&rsquo;s office.</p>\n\n<p align=\"center\"><strong>A quick note from the WCC 76 President</strong></p>\n\n<p>Wishing everybody a great 2016.</p>\n\n<p>All is well financially with your condominium corporation.</p>\n\n<p>I am looking forward to the summer and enjoying the gardens that are being prepared.</p>\n\n<p align=\"center\">&nbsp;</p>\n\n<p align=\"center\"><strong>Harris</strong><strong> Towers</strong></p>\n\n<p align=\"center\">&nbsp;&nbsp;&nbsp; e-mail :&nbsp; <a href=\"mailto:harristowers@rogers.com\">harristowers@rogers.com</a></p>\n\n<p>&nbsp;&nbsp;&nbsp;&nbsp;&nbsp;&nbsp;&nbsp;&nbsp;&nbsp;&nbsp;&nbsp;&nbsp;&nbsp;&nbsp;&nbsp;&nbsp;&nbsp;&nbsp;&nbsp;&nbsp;&nbsp;&nbsp;&nbsp;&nbsp;&nbsp;&nbsp;&nbsp;&nbsp;&nbsp;&nbsp;&nbsp;&nbsp;&nbsp;&nbsp;&nbsp;&nbsp;&nbsp;&nbsp;&nbsp;&nbsp;&nbsp;&nbsp;&nbsp;&nbsp;&nbsp;&nbsp;&nbsp; &nbsp;&nbsp;&nbsp;&nbsp;&nbsp;&nbsp;&nbsp;&nbsp; website : &nbsp;http://harristowers.com</p>\n\n<p align=\"center\"><strong>Office # 905-560 5536&nbsp;&nbsp;&nbsp;&nbsp;&nbsp;&nbsp; Emergency # 289-439-4447</strong></p>\n\n<p align=\"center\">&nbsp;</p>', 1, 'newsletter', '2016-06-07 07:36:02', NULL),
(30, 'Summer 2016', '<p align=\"center\">&nbsp;</p>\n\n<p align=\"center\"><strong>WCC. 76</strong></p>\n\n<p align=\"center\"><strong>Harris</strong><strong> Towers</strong><strong> Newsletter </strong></p>\n\n<p align=\"center\"><strong>Summer 2016</strong></p>\n\n<p>It has been an interesting summer. The weather has been alternating between hot and cool and has been very dry. We hope everyone is coping well and enjoying the outside and the gardens.</p>\n\n<p>Previous editions of the newsletter are available for viewing on the Website at <a href=\"http://harristowers.com\">http://harristowers.com</a> along with lots of other good stuff.</p>\n\n<p>If you know of any person or activity you would like to see mentioned in the newsletter, please let me know. You can send comments or ideas to <a href=\"mailto:calder408@gmail.com\">calder408@gmail.com</a> or call Bill at 905-538-6060.</p>\n\n<p align=\"center\"><strong>Special Notes</strong></p>\n\n<p>Major repairs and cable system overhauls have been started in the 30 Building elevators. The freight elevator is completed and the second one is being scheduled for service. We are sorry for this inconvenience but these upgrades are necessary to ensure that we continue to have safe and well maintained buildings.</p>\n\n<p>All the line and arrow painting in the garage and the outside sealing and painting have now been completed. We would like to extend our thanks to Doug for coordinating this with little inconvenience to the owners.</p>\n\n<p>The water leakage in the garage ramp and the seam along the ceiling of the B1 level have been treated and caulked.</p>\n\n<p>The repairs to the fire exit stairs from the parking areas have been completed. They are no longer a safety hazard.</p>\n\n<p>We have selected a carpet replacement company and hope to have this project underway in the near future.</p>\n\n<p>New benches have been purchased for the courtyard area and have been well received by everyone.</p>\n\n<p>The annual wine and cheese social has been planned for August 15<sup>th</sup> in the community room in 40 building. The time will be from 6-9 pm.</p>\n\n<p align=\"center\"><strong>New &ldquo;Slider Windows&rdquo; Replacement Project</strong></p>\n\n<p>The slider window replacements have been completed in both buildings and the deficiencies are now being addressed. The project to replace fixed windows that have been identified as needing replacement is now underway.</p>\n\n<p align=\"center\"><strong>Green Metal Recycling Bin</strong></p>\n\n<p>The green small appliance recycling bin is <strong>not</strong> a &ldquo;Dump All&rdquo; and is not to be used for <strong>ANY</strong> renovation waste or other garbage. It is for any metal you may have to discard or for small appliances or electronics that you no longer want (TV&rsquo;s, computers etc.).</p>\n\n<p>The Super enforces the rules through the use of the security cameras. If he notices someone putting in non-metal waste, he will bring it to their attention and require them to remove it and dispose of it properly.</p>\n\n<p align=\"center\"><strong>Renovations and Contractors</strong></p>\n\n<p>Sometimes it is desirable to make changes to your Condo that can involve contractors or perhaps you are making the changes yourself. In any case, there are rules that need to be followed.</p>\n\n<p><strong>Contractor Rules &amp; Regulations</strong></p>\n\n<p>Unit owners are responsible for any activity done by any outside contractors to their individual units. The following is a reminder of the rules for contractors and owners:</p>\n\n<ol>\n	<li>The hours for renovation work on your unit are from 8 A.M. to 6 P.M Monday through Saturday. No work is permitted Sundays or Holidays.</li>\n	<li>Contractors must enter and exit through the loading doors and all material must come in and out through the loading doors.</li>\n	<li>Owners must be available to allow entry into the building for the contractors when they arrive and depart.</li>\n	<li>When a contractor has completed unloading or loading their vehicle it must be removed from the loading door and parked in visitors parking to allow other residents use of the loading doors.</li>\n	<li>Under no circumstances is there permitted any work of any nature in front of the loading doors or any portion of the visitors parking area (cutting, material storage etc.) all work must be done in the individual condominium.</li>\n	<li>No material is allowed to be stored in any hallway within the building as it is against the Fire Code.</li>\n	<li>Owners are responsible for cleaning any debris or mess created in any hallway or elevator as a result of work being done in their units.</li>\n	<li>Owners are responsible for any damage caused to any portion of the building (hallway walls, elevators, etc.) as a result of the actions of the contractor working on your unit.</li>\n	<li>Elevator service is available for owners but must be reserved in advance with the Superintendent.</li>\n	<li>No material of any nature is permitted to be placed in the condominium garbage area for disposal as a result of any delivery or renovation. It must be removed by the contractor or unit owner.</li>\n</ol>\n\n<p style=\"margin-left:.5in;\">The contractor rules (which apply to you as well) can be found on the Harris Towers Web Page and can be printed. You can also obtain a copy from the Superintendent. There are no exceptions to the rules.</p>\n\n<p align=\"center\"><strong>Water Leaks in Your Unit</strong></p>\n\n<p>Water leakage and the resulting damage is arguably the biggest problem that we as Condo owners have to deal with. A leak can happen at any time and anywhere there is a water source. The damage can be very minimal or very extensive. If it is determined that it is a Corporation problem, for example a burst pipe or valve feeding your unit, a sewer stack backup or water infiltration through the building, the Corporation Insurance will cover the damage. It should be noted that the Corporation is only required to bring the damage to your unit back to the as built stage and if you have upgrades like hardwood or laminate floors or special wall coverings, you are required to pay for the upgrades.</p>\n\n<p>If the leak happens inside your unit, you are required to pay the Corporation&rsquo;s Insurance deductible (currently $5,000.00) for damage caused to your unit and any other unit.</p>\n\n<p>The most likely areas where a leak can occur are your water tank, the seals on your toilets, the caulking around your tub or shower and connections of the water supply hoses. Please ensure these areas are checked regularly and call a plumber if you are not sure.</p>\n\n<p align=\"center\"><strong>A Bit about the Board</strong></p>\n\n<p>The Board of Directors consists of seven individuals who are elected at the annual general meeting.</p>\n\n<p>A Board member serves for a 3 year term and at the end of the third year, must stand for re-election. The terms are staggered to prevent a situation where an entire board has to be elected at one time.</p>\n\n<p>A Board member who has served two consecutive three year terms is required to step down for at least one year, thus preventing stagnation and ensuring that the Board does not become complacent.</p>\n\n<p>It is a voluntary position and no remuneration of any kind is given. The Board is required to meet at least monthly. Board members, at their discretion, may make themselves available individually to discuss problems you may have but it should be remembered that NO Board member can make an arbitrary decision on their own. If you have something that requires such a decision to be made, you must put it in writing and give it to the Super who will pass it on for discussion at the next Board meeting.</p>\n\n<p>In addition, the Superintendent, while having a wealth of information and knowledge of our Condos and the bylaws, does not have the authority to make a decision requiring Board approval.</p>\n\n<p align=\"center\"><strong>Harris Towers Website</strong></p>\n\n<p>The Website has great information available. You can post advertisements of things for sale or wanted and can post them on the main page for the public to see or private so only owners with a password can see. The ads are subject to approval before they are allowed to be seen on the website.</p>\n\n<p>You can also book the party room from the calendar on the website.</p>\n\n<p>If you don&rsquo;t have a password or login name, you will not be able to take advantage of all the great things that are available on this site. You can obtain your password and login name from the Super&rsquo;s office.</p>\n\n<p align=\"center\"><strong>A quick note from the WCC 76 President</strong></p>\n\n<p>All is well financially with your condominium corporation.</p>\n\n<p>The Annual General Meeting has been scheduled for September 28<sup>th</sup> in the 40 Building community room. The notices will be mailed out at the end of August.</p>\n\n<p>I am very impressed with the gardens this year and believe we may have a shot at a trillium award.</p>\n\n<p>I am looking forward to seeing you all at the Wine and Cheese social on August 15<sup>th</sup>.</p>\n\n<p align=\"center\">&nbsp;</p>\n\n<p align=\"center\"><strong>Harris</strong><strong> Towers</strong></p>\n\n<p align=\"center\">&nbsp;&nbsp;&nbsp; e-mail :&nbsp; <a href=\"mailto:harristowers@rogers.com\">harristowers@rogers.com</a></p>\n\n<p>&nbsp;&nbsp;&nbsp;&nbsp;&nbsp;&nbsp;&nbsp;&nbsp;&nbsp;&nbsp;&nbsp;&nbsp;&nbsp;&nbsp;&nbsp;&nbsp;&nbsp;&nbsp;&nbsp;&nbsp;&nbsp;&nbsp;&nbsp;&nbsp;&nbsp;&nbsp;&nbsp;&nbsp;&nbsp;&nbsp;&nbsp;&nbsp;&nbsp;&nbsp;&nbsp;&nbsp;&nbsp;&nbsp;&nbsp;&nbsp;&nbsp;&nbsp;&nbsp;&nbsp;&nbsp;&nbsp;&nbsp; &nbsp;&nbsp;&nbsp;&nbsp;&nbsp;&nbsp;&nbsp;&nbsp; website : &nbsp;http://harristowers.com</p>\n\n<p align=\"center\"><strong>Office # 905-560 5536&nbsp;&nbsp;&nbsp;&nbsp;&nbsp;&nbsp; Emergency # 289-439-4447</strong></p>', 1, 'newsletter', '2016-07-18 19:05:55', NULL);
INSERT INTO `newsletters` (`newsletterId`, `newsletterHeading`, `newsletterBody`, `active`, `type`, `creationDateTime`, `updatedDateTime`) VALUES
(31, 'Fall 2016', '<p align=\"center\"><strong>WCC. 76</strong></p>\n\n<p align=\"center\"><strong>Harris</strong><strong> Towers</strong><strong> Newsletter </strong></p>\n\n<p align=\"center\"><strong>Fall 2016</strong></p>\n\n<p>Fall is here and Mother Nature is putting on a great show with the changing colours of the trees.</p>\n\n<p>We hope everyone is well and preparing for the winter.</p>\n\n<p>This year we were considered for a Trillium Award of Excellence and finished in second place. This is a direct testament to the hard work done by Doug and Sylvia and volunteers Herb and Karen Rakowski.</p>\n\n<p>Great work!!</p>\n\n<p>Previous editions of the newsletter are available for viewing on the Website at <a href=\"http://harristowers.com\">http://harristowers.com</a> along with lots of other good stuff.</p>\n\n<p>If you know of any person or activity you would like to see mentioned in the newsletter, please let me know. You can send comments or ideas to <a href=\"mailto:calder408@gmail.com\">calder408@gmail.com</a> or call Bill at 905-538-6060.</p>\n\n<p align=\"center\"><strong>Special Notes</strong></p>\n\n<p>We welcome two newly elected members of the Board, Edna Kennedy and Ron Harrod.</p>\n\n<p>Major repairs and cable system overhauls have now been completed on the 30 Building elevators. We are sorry for the inconvenience but these upgrades were necessary to ensure that we continue to have safe and well maintained buildings. As well, they have added years to the elevators at a fraction of the cost that had previously been anticipated.</p>\n\n<p>The electrical audit has been completed and we are now talking to Horizon to see about rebates available.</p>\n\n<p>The annual Christmas party hosted by Doug and Sylvia is scheduled for Monday, December 19<sup>th</sup> 2016.</p>\n\n<p align=\"center\"><strong>Carpet Replacement</strong></p>\n\n<p>The Board has met with LAR and selected two carpet designs which will be put on display in the lobbies in about 2 or 3 weeks for residents to look at and make a choice. Majority of votes will decide which carpet design will be installed. The same carpeting will go on every floor in both buildings. The thresholds in the doorways will also be sanded down and refinished.The costing and installation timeline is currently being sorted out by LAR and we hope to begin the installation in a couple of months. LAR anticipates a time line of approximately a week and a half for each building. Appropriate notice and communication will be provided before and during the installation.</p>\n\n<p align=\"center\"><strong>Green Metal Recycling Bin</strong></p>\n\n<p>The green small appliance recycling bin is <strong>not</strong> a &ldquo;Dump All&rdquo; and is not to be used for <strong>ANY</strong> renovation waste or other garbage. It is for any metal you may have to discard or for small appliances or electronics that you no longer want (TV&rsquo;s, computers etc.).</p>\n\n<p>It has been a major success with residents happy about having a place to recycle the metal and electronics, the scrap hauler is happy with the volume and it has not cost us a penny for removal.</p>\n\n<p align=\"center\"><strong>Building Security</strong></p>\n\n<p>Residents are reminded that, with the exception of emergency personnel, they should never give access to our buildings to anyone they do not know. We want to keep our homes safe and secure.</p>\n\n<p align=\"center\"><strong>Smoking in Common Areas</strong></p>\n\n<p>Remember that smoking is prohibited in any non-exclusive common area. That includes elevators, lobbies, hallways, facilities and both garage levels.</p>\n\n<p align=\"center\"><strong>Condensation Reminder</strong></p>\n\n<p>Excessive water or icing up on the inside of windows is a sure sign that the humidity is too high in your unit. Condensation on windows is a real problem and it can cause wood rot and mold growth. This can lead to expensive repairs. Damage caused by this (drywall, woodwork etc.) is not covered by the Condo Corporation.</p>\n\n<p>Investigations have shown that in all cases of moisture on windows, the humidity was too high. You may need to open a window slightly, use your exhaust fans in the bathrooms and kitchen and possibly run a dehumidifier in order to bring down the humidity levels. The chart below shows what relative humidity should be in the winter. The superintendent has a gauge that can check the humidity level in your unit if you see moisture or icing on the inside of your windows.</p>\n\n<p align=\"center\">&nbsp;</p>\n\n<p align=\"center\">&nbsp;</p>\n\n<p>&nbsp;</p>\n\n<p>&nbsp;</p>\n\n<p>&nbsp;</p>\n\n<p align=\"center\"><strong>Parking Garage Ramp</strong></p>\n\n<p>&nbsp;</p>\n\n<p>One of our newest Board Members has contributed a whimsical poem having to do with the ramp in the parking garage. As you know, when using the ramp to go between B1 and B2 you must stop and sound your horn to let others know that you are coming. He has found the types and levels of horn blowing to be different and unique.</p>\n\n<p align=\"center\"><strong>The B2 Parking Symphony</strong></p>\n\n<p>Those who park in B2 will get this. Hope you like it.</p>\n\n<p>Another day of in and out</p>\n\n<p>Many of us off and about</p>\n\n<p>But first we must ascend a ramp</p>\n\n<p>To come up from the cold and damp</p>\n\n<p>But how to know what waits for us there</p>\n\n<p>While moving and looking in a mirror</p>\n\n<p>Thankfully the rules are clear</p>\n\n<p>It is your horn that we must hear</p>\n\n<p>And oh the range of horns and beeps</p>\n\n<p>Sometimes in stitches it me keeps</p>\n\n<p>For though our address is the same</p>\n\n<p>As honkers that&#39;s a different game</p>\n\n<p>Some of us are bold as brass - BEEP</p>\n\n<p>Some of us hardly peep - peep</p>\n\n<p>Some of us are not too sure - beep beep --beep beep</p>\n\n<p>And some of us are taking charge - BEEEEEEEEP!</p>\n\n<p>So each one has our very own way</p>\n\n<p>To keep others out of harm&#39;s way</p>\n\n<p>So let&#39;s celebrate our diversity</p>\n\n<p>And laugh a bit at the other guy</p>\n\n<p>&nbsp;</p>\n\n<p>Ron Harrod - 601-30</p>\n\n<p align=\"center\"><strong>A quick note from the WCC 76 President</strong></p>\n\n<p>All is well financially with your condominium corporation. We are looking forward to the new carpeting and LAR is well known for their professionalism and excellent work.</p>\n\n<p>It is important that we keep our records up to date in case of an emergency. The last page of this newsletter is a form that we are requesting that you fill out and drop off to the Superintendent. He will then check the information in his database and make changes as needed.</p>\n\n<p>We have recently had three instances where we needed to contact someone and the emergency contact in our records was out of date.</p>\n\n<p>I hope to see you all at the Annual Christmas Party hosted by Doug and Sylvia.</p>\n\n<p align=\"center\">&nbsp;</p>\n\n<p align=\"center\">&nbsp;</p>\n\n<p align=\"center\"><strong>Harris</strong><strong> Towers</strong></p>\n\n<p align=\"center\">&nbsp;&nbsp;&nbsp; e-mail :&nbsp; <a href=\"mailto:harristowers@rogers.com\">harristowers@rogers.com</a></p>\n\n<p>&nbsp;&nbsp;&nbsp;&nbsp;&nbsp;&nbsp;&nbsp;&nbsp;&nbsp;&nbsp;&nbsp;&nbsp;&nbsp;&nbsp;&nbsp;&nbsp;&nbsp;&nbsp;&nbsp;&nbsp;&nbsp;&nbsp;&nbsp;&nbsp;&nbsp;&nbsp;&nbsp;&nbsp;&nbsp;&nbsp;&nbsp;&nbsp;&nbsp;&nbsp;&nbsp;&nbsp;&nbsp;&nbsp;&nbsp;&nbsp;&nbsp;&nbsp;&nbsp;&nbsp;&nbsp;&nbsp;&nbsp; &nbsp;&nbsp;&nbsp;&nbsp;&nbsp;&nbsp;&nbsp;&nbsp; website : &nbsp;http://harristowers.com</p>\n\n<p align=\"center\">&nbsp;</p>\n\n<p align=\"center\"><strong>Office # 905-560 5536&nbsp;&nbsp;&nbsp;&nbsp;&nbsp;&nbsp; Emergency # 289-439-4447</strong></p>\n\n<p align=\"center\"><strong>Emergency Contact Information</strong></p>\n\n<p align=\"center\">&nbsp;</p>\n\n<p>&nbsp;</p>\n\n<p>Building; _________&nbsp; &nbsp;Unit Number: __________&nbsp;&nbsp;&nbsp;&nbsp;&nbsp; Phone Number: ___________________</p>\n\n<p>&nbsp;</p>\n\n<p>Primary e-mail address: ___________________________________</p>\n\n<p>&nbsp;</p>\n\n<p>Name(s) of all residents (please print): ____________________________________________</p>\n\n<p>&nbsp;&nbsp;&nbsp;&nbsp;&nbsp;&nbsp;&nbsp;&nbsp;&nbsp;&nbsp;&nbsp;&nbsp;&nbsp;&nbsp;&nbsp;&nbsp;&nbsp;&nbsp;&nbsp;&nbsp;&nbsp;&nbsp;&nbsp;&nbsp;&nbsp;&nbsp;&nbsp;&nbsp;&nbsp;&nbsp;&nbsp;&nbsp;</p>\n\n<p>&nbsp;&nbsp;&nbsp;&nbsp;&nbsp;&nbsp;&nbsp;&nbsp;&nbsp;&nbsp;&nbsp;&nbsp;&nbsp;&nbsp;&nbsp;&nbsp;&nbsp;&nbsp;&nbsp;&nbsp;&nbsp;&nbsp;&nbsp;&nbsp;&nbsp; &nbsp;&nbsp;&nbsp;&nbsp;&nbsp;&nbsp;&nbsp;&nbsp;&nbsp;&nbsp;&nbsp;&nbsp;&nbsp;&nbsp;&nbsp;&nbsp;&nbsp;&nbsp;&nbsp;&nbsp;&nbsp;&nbsp;&nbsp;&nbsp;&nbsp;&nbsp;&nbsp;&nbsp;&nbsp;&nbsp;&nbsp;&nbsp;&nbsp;&nbsp;&nbsp;&nbsp;&nbsp;____________________________________________</p>\n\n<p>&nbsp;</p>\n\n<p>&nbsp;&nbsp;&nbsp;&nbsp;&nbsp;&nbsp;&nbsp;&nbsp;&nbsp;&nbsp;&nbsp;&nbsp;&nbsp;&nbsp;&nbsp;&nbsp;&nbsp;&nbsp;&nbsp;&nbsp;&nbsp;&nbsp;&nbsp;&nbsp;&nbsp;&nbsp;&nbsp;&nbsp;&nbsp;&nbsp;&nbsp;&nbsp;&nbsp;&nbsp;&nbsp;&nbsp;&nbsp;&nbsp;&nbsp;&nbsp;&nbsp;&nbsp;&nbsp;&nbsp;&nbsp;&nbsp;&nbsp;&nbsp;&nbsp;&nbsp;&nbsp;&nbsp;&nbsp;&nbsp;&nbsp;&nbsp;&nbsp;&nbsp;&nbsp;&nbsp;&nbsp;&nbsp; ____________________________________________</p>\n\n<p>&nbsp;</p>\n\n<p>Do you need assistance getting out of the building in an emergency (please circle):&nbsp; Yes&nbsp;&nbsp;&nbsp;&nbsp;&nbsp; No</p>\n\n<p>&nbsp;</p>\n\n<p>If Yes, please specify type of assistance: __________________________________________</p>\n\n<p>&nbsp;</p>\n\n<p>&nbsp;</p>\n\n<p>Car Make, Model and license number: ____________________________________________</p>\n\n<p>&nbsp;&nbsp;&nbsp;&nbsp;&nbsp;&nbsp;&nbsp;&nbsp;&nbsp;&nbsp;</p>\n\n<p>&nbsp;&nbsp;&nbsp;&nbsp;&nbsp;&nbsp;&nbsp;&nbsp;&nbsp;&nbsp;&nbsp;&nbsp;&nbsp;&nbsp;&nbsp;&nbsp;&nbsp;&nbsp;&nbsp;&nbsp;&nbsp;&nbsp;&nbsp;&nbsp;&nbsp;&nbsp;&nbsp;&nbsp;&nbsp;&nbsp;&nbsp;&nbsp;&nbsp;&nbsp;&nbsp;&nbsp;&nbsp; &nbsp;&nbsp;&nbsp;&nbsp;&nbsp;&nbsp;&nbsp;&nbsp;&nbsp;&nbsp;&nbsp;&nbsp;&nbsp;&nbsp;&nbsp;&nbsp;&nbsp;&nbsp;&nbsp;&nbsp;&nbsp;&nbsp;&nbsp;&nbsp;____________________________________________</p>\n\n<p>&nbsp;</p>\n\n<p>&nbsp;&nbsp;&nbsp;&nbsp;&nbsp;&nbsp;&nbsp;&nbsp;&nbsp;&nbsp;&nbsp;&nbsp;&nbsp;&nbsp;&nbsp;&nbsp;&nbsp;&nbsp;&nbsp;&nbsp;&nbsp;&nbsp;&nbsp;&nbsp;&nbsp;&nbsp;&nbsp;&nbsp;&nbsp;&nbsp;&nbsp;&nbsp;&nbsp;&nbsp;&nbsp;</p>\n\n<p>Emergency Contact Name (please print): __________________________________________</p>\n\n<p>&nbsp;</p>\n\n<p>Emergency Contact Phone Number:&nbsp;&nbsp;&nbsp;&nbsp;&nbsp;&nbsp;&nbsp;&nbsp; ____________________</p>\n\n<p>&nbsp;</p>\n\n<p>Emergency Contact E-Mail Address:&nbsp;&nbsp;&nbsp;&nbsp;&nbsp;&nbsp;&nbsp; ___________________________&nbsp;</p>\n\n<p>&nbsp;</p>\n\n<p>&nbsp;</p>\n\n<p>If you need more space, please continue on the back of this form.&nbsp;&nbsp;&nbsp;&nbsp;&nbsp;&nbsp;&nbsp;&nbsp;&nbsp;&nbsp;&nbsp;&nbsp;&nbsp;&nbsp;&nbsp;</p>', 1, 'newsletter', '2016-11-15 05:37:59', NULL),
(32, 'Winter 2017', '<p align=\"center\"><strong>WCC. 76</strong></p>\n\n<p align=\"center\"><strong>Harris</strong><strong> Towers</strong><strong> Newsletter </strong></p>\n\n<p align=\"center\"><strong>Winter 2017</strong></p>\n\n<p>Winter is here and we have had a little bit of everything. Like someone once said, if you don&rsquo;t like the weather in Canada, wait 5 minutes.</p>\n\n<p>Previous editions of the newsletter are available for viewing on the Website at <a href=\"http://harristowers.com\">http://harristowers.com</a> along with lots of other good stuff.</p>\n\n<p>If you know of any person or activity you would like to see mentioned in the newsletter, please let me know. You can send comments or ideas to <a href=\"mailto:calder408@gmail.com\">calder408@gmail.com</a> or call Bill at 905-538-6060.</p>\n\n<p align=\"center\"><strong>Special Notes</strong></p>\n\n<p>The electrical audit has been completed and we are now talking to Horizon to see about rebates available.</p>\n\n<p>We have had a quote for lighting changes and will probably implement them in the near future. They involve the stairwell and garage areas along with the lobbies and facilities areas.</p>\n\n<p>The annual Christmas party hosted by Doug and Sylvia was a huge success and everyone seemed to really enjoy it. It was great to see so many people there.</p>\n\n<p>&nbsp;</p>\n\n<p>We have had the holes and cracks in the community room in 40 building repaired and have also had the room repainted.</p>\n\n<p align=\"center\"><strong>AED Devices</strong></p>\n\n<p>A suggestion of one of our owners, Patrick Fry-Smith (who is a 911 Dispatcher), prompted an investigation into the value of having an AED (Automated External Defibrillator) installed in each building. They are manufactured by ZOLL.</p>\n\n<p>He arranged a demonstration for us on the use of it and it is incredibly uncomplicated. The unit actually talks you through the various steps and it also runs a diagnostic on the patient and makes its own decision as to whether a charge to the heart is required. It then tells you what must be done. We decided to get one for each lobby and will also be getting one for the workout room. The 911 dispatchers are well aware that we have them, where they are located and will talk to you over the phone on the usage. A video about them is located on the ZOLL website <a href=\"http://www.zoll.com/medical-products/automated-external-defibrillators/aed-plus/video/\">http://www.zoll.com/medical-products/automated-external-defibrillators/aed-plus/video/</a></p>\n\n<p><strong><u>We have to emphasize the fact that in an emergency, the first thing you do is to call 911. </u></strong></p>\n\n<p align=\"center\"><strong>Carpet Replacement</strong></p>\n\n<p>The Board set up a viewing of two carpets that were chosen and gave all the owners a chance to view and vote on the two choices. Owners from 101 of the 182 Units were represented which is a great turnout. The result was 75% in favour of option one. We passed this information on to LAR, reviewed and signed the final contract and we are now going ahead with the refurbishment. Installation is tentatively scheduled for the middle of February with a 6 to 8 week timeline and will be starting in 40 building. The lighting on every floor will be updated to LED fixtures and the thresholds on the hallway side of the doorways will be sanded and refinished. The carpet in the newly repainted community room will also be replaced and the dance floor will be sanded and refinished.</p>\n\n<p>It is a big job but the end result will be worth it.</p>\n\n<p align=\"center\">&nbsp;</p>\n\n<p align=\"center\"><strong>Lighting</strong></p>\n\n<p>We have contracted with Luminex to replace the lighting in the garage and facilities rooms with energy efficient LED bulbs. This work should be starting soon and will save a considerable amount on the Corporation Hydro bill.</p>\n\n<p align=\"center\"><strong>Building Security Via the Garage Door</strong></p>\n\n<p>When you swipe your key fob to enter the garage, you will notice that the stoplight is initially green as you drive in. It turns red very shortly and you are <strong>required</strong> to stop at that red light and wait for the door to close. While you are waiting, it is possible that another car will come to enter the garage and when they swipe their fob, the light will turn green which is a signal to you that you may proceed into the garage to park without waiting for the door to close. <strong>Do not go forward unless the light has turned green.</strong> The reasoning behind this is simple.</p>\n\n<p>&nbsp;</p>\n\n<p>There is a possibility (and it has happened) that a non-resident may try to enter the garage in their car after you have opened the door and driven in. The point where you stop prohibits them from actually entering. It also allows you to make sure that someone on foot is not following you in.</p>\n\n<p>We have cameras inside and outside the garage door as well as all the door entrances to the buildings. These cameras are recording 24 hours a day and if you think that security has been breached, do not confront anyone. Instead, report it to the Superintendent who will follow it up with the appropriate authorities after viewing the recordings to confirm your suspicions.</p>\n\n<p>Please remember that the speed limit in the garage is 10 kilometers per hour. This is for your safety as well as the safety of pedestrians walking through the garage and to and from the Recycling room. You must also sound your horn when going up or down the ramp and it is a good idea to roll down your window so you can hear when someone else is sounding their horn.</p>\n\n<p align=\"center\"><strong>Stairwells in the 40 building</strong></p>\n\n<p>It has been noted that many spots on the walls of the stairwells are blistering and popping out. It is particularly bad in 40 building. This is due to the plaster drawing moisture from the concrete. We are arranging to have these defects repaired and the stairwells repainted and this should happen within the next month. The stairwells in 30 building will be done at a later date.</p>\n\n<p align=\"center\"><strong>Recycling Reminder</strong></p>\n\n<p>We have 4 types of recycling and you need to be careful about separating it properly.</p>\n\n<p>There are 6 Blue bins in the recycling room. Three are for plastic, cans, glass and Styrofoam. Three are for cardboard and paper. Remember to break down the cardboard boxes and do not put plastic bags in the cardboard containers.</p>\n\n<p>There are 2 Green bins for food waste only. The waste <strong>must be in biodegradable bags</strong>. Do not put plastic bags in these containers.</p>\n\n<p>The compactor is for regular non-recyclable household garbage only.</p>\n\n<p>The blue metal container outside the recycling room is for any metal, small appliances or electronics. Do not put anything else in this container.</p>\n\n<p>When you do not follow these rules, it makes extra work for the Superintendent because he has to do this separation or the city will not accept the containers.</p>\n\n<p align=\"center\"><strong>A quick note from the WCC 76 President</strong></p>\n\n<p>All is well financially with your condominium corporation. We are looking forward to the new carpeting and LAR is well known for their professionalism and excellent work.</p>\n\n<p>It is important that we keep our records up to date in case of an emergency. The Fall Newsletter &nbsp;provided a form for you to fill out to ensure that we have correct and up to date information. If you haven&rsquo;t filled it out yet, we ask that you do so and drop it off to the Superintendent. He will then check the information in his database and make changes as needed.</p>\n\n<p align=\"center\">&nbsp;</p>\n\n<p align=\"center\"><strong>Harris</strong><strong> Towers</strong></p>\n\n<p align=\"center\">&nbsp;&nbsp;&nbsp; e-mail :&nbsp; <a href=\"mailto:harristowers@rogers.com\">harristowers@rogers.com</a></p>\n\n<p>&nbsp;&nbsp;&nbsp;&nbsp;&nbsp;&nbsp;&nbsp;&nbsp;&nbsp;&nbsp;&nbsp;&nbsp;&nbsp;&nbsp;&nbsp;&nbsp;&nbsp;&nbsp;&nbsp;&nbsp;&nbsp;&nbsp;&nbsp;&nbsp;&nbsp;&nbsp;&nbsp;&nbsp;&nbsp;&nbsp;&nbsp;&nbsp;&nbsp;&nbsp;&nbsp;&nbsp;&nbsp;&nbsp;&nbsp;&nbsp;&nbsp;&nbsp;&nbsp;&nbsp;&nbsp;&nbsp;&nbsp; &nbsp;&nbsp;&nbsp;&nbsp;&nbsp;&nbsp;&nbsp;&nbsp; website : &nbsp;<a href=\"http://harristowers.com\">http://harristowers.com</a></p>\n\n<p>&nbsp;</p>\n\n<p align=\"center\"><strong>Office # 905-560 5536&nbsp;&nbsp;&nbsp;&nbsp;&nbsp;&nbsp; Emergency # 289-439-4447</strong></p>\n\n<p align=\"center\">&nbsp;</p>', 1, 'newsletter', '2017-02-07 05:44:45', NULL),
(33, 'Early Spring 2017', '<p style=\"text-align: center;\"><strong>Special Newsletter - March 2017</strong></p>\n\n<p><br />\nNew Lighting</p>\n\n<p><br />\nThe new lighting project is set to get underway on March 06, 2017.<br />\nLuminex will be replacing the lighting in the garage, stairwells and other common areas with new LED lights. Some areas of the garage will now have motion sensor lights and will come on when there is any detected motion. Rest assured that the garage will not be in darkness and the lights in the driving lanes and every second parking row will be on all the time. As soon as you start walking toward your car, any lights currently off in your path will come on and stay on until any motion ceases.<br />\nWe are asking you to please be aware of the lighting and promptly report any lights that you are concerned with to the Superintendent. We are doing this project in order to save on our Hydro Bill but not at the expense of your safety or feeling of security.</p>\n\n<p><br />\n<strong>Hot Water Tanks</strong></p>\n\n<p>As you may be aware, the single most common and expensive problem encountered in our buildings is water leakage and the resulting damage to your unit and the units below you. The most common leakage problems occur with Hot Water Tanks. They are prone to leaking when the seams split due to age and/or over pressurization. There is no way to predict when a seam will open up.<br />\nThe recommendation has usually been to replace the tank when it is 15 years old but now some insurance companies are saying that the tank must not be older than 10 years.<br />\nThere is a company called Sandpiper who have purchased the Horizon water heater rentals business. They offer regular metal tanks as well as a new type of heater made of extruded plastic and guaranteed for life not to leak. They are made by Rheem and the model is called the Marathon. The fact that the tank is all one piece means there are no seams to split. They offer a typical rental agreement which covers the removal of your old heater and the installation of the new heater. The cost to rent the plastic heater is higher than a metal tank and details are available from them. You can call James at (905) 825 4458.<br />\nPeter Martin Appliances provides outright purchase and install of these Hot Water Tanks as well as the standard metal tanks. You can call Mike Cadieux at (905) 383-2146 ext. 1099 or Terry Dowling at 905-730-7384 for more details.<br />\nIf you are unsure of the age of your Hot Water Tank, the Super has it logged in his database and will be happy to let you know. By the same token if you do change your Hot Water Tank please be sure to let the Super know so that he can update his database.<br />\n&nbsp;</p>', 1, 'newsletter', '2017-05-11 10:48:32', NULL),
(34, 'Spring 2017', '<p style=\"text-align: center;\"><strong>WCC. 76<br />\nHarris Towers Newsletter<br />\nSpring 2017</strong></p>\n\n<p><br />\nSpring is finally here and after a week of very heavy rain, the sun is out and the temperature is rising.<br />\nPrevious editions of the newsletter are available for viewing on the Website at http://harristowers.com along with lots of other good stuff.</p>\n\n<p><br />\nIf you know of any person or activity you would like to see mentioned in the newsletter, please let me know. You can send comments or ideas to calder408@gmail.com or call Bill at 905-538-6060.</p>\n\n<p style=\"text-align: center;\"><br />\n<strong>Special Notes</strong></p>\n\n<p><br />\nWe have completed the lighting changes and are currently wading through all the paperwork necessary to get the various rebates.</p>\n\n<p><br />\nThe carpeting project is well underway and should be completed by the middle of June.</p>\n\n<p><br />\nWe have had all the water drainage lines cleaned out and any broken or totally clogged pipes have been repaired or replaced. Fortunately, we had this done before the heavy rains came.</p>\n\n<p><br />\nThe Board is planning a Canada Day celebration BBQ for the 150th anniversary of our becoming an independent country. See the details later on in this newsletter.</p>\n\n<p><br />\nWe are currently replacing the fixed windows that have a broken seal as noted during the sliding window replacements. There are 40 windows in all and while it is a very expensive job, we negotiated a special bulk rate that has saved us $100.00 per window.</p>\n\n<p><br />\nThe outside window cleaning will take place in the last week of May or the first week of June. When it happens, please make sure that your windows are closed.</p>\n\n<p><br />\nThe garage power washing is scheduled for May 17, 2017.</p>\n\n<p style=\"text-align: center;\"><br />\n<strong>Changes to Balcony</strong></p>\n\n<p><br />\nYour Balcony is part of the common elements but you have exclusive use of it. No changes to it are allowed without completion of a &ldquo;Section 98&rdquo; form.</p>\n\n<p><br />\nThe overriding rule for section 98 is that no owner is allowed to make any changes or alterations such as air conditioning or screening to the balcony or its structure without the approval of the Board of Directors.<br />\nThis approval can only happen if the owners fill out a Section 98 form (obtained from the Super or the Property Manager) outlining the changes requested. If the Board approves it, the owner must then have it registered at the Land Titles Office before any work is started.</p>\n\n<p><br />\nThe changes, if approved, become the responsibility of the Unit Owner with regards to any maintenance or repair needed to the changed elements.</p>\n\n<p><br />\nIf you currently have any changes in place on your balcony and they were not registered by you or a previous owner, it is your responsibility to retroactively obtain a section 98 form, get approval by the Board and register it with the Land Titles Office.</p>\n\n<p><br />\nPlease note that there is a charge for the registration and it is the Owners responsibility to pay it.</p>\n\n<p style=\"text-align: center;\"><br />\n<strong>Carpet Replacement</strong></p>\n\n<p><br />\nWork has started on the carpet replacement.<br />\nThe pilasters have been installed on each floor and the thresholds have been sanded and finished.<br />\nThe wall between the pilasters has been sanded and prepped. The next step will be to install the wallpaper. When that is complete, all the lights in the hallways will be replaced with new LED fixtures.<br />\nThe final step will be the removal of the old carpeting and the installation of the new carpeting.</p>\n\n<p style=\"text-align: center;\"><br />\n<strong>Lighting</strong></p>\n\n<p><br />\nThe changing of all the lights in the garage levels and the common areas to energy efficient LED bulbs as well as all the Exit signs is now complete and this effort will save a considerable amount on the Corporation Hydro bill.</p>\n\n<p style=\"text-align: center;\"><br />\n<strong>Renovations to your unit</strong></p>\n\n<p><br />\nRenovations to your unit are only allowed on Monday to Saturday between the hours of 8am to 5pm. No renovation work is allowed on Sundays or statutory holidays.</p>\n\n<p><br />\nIt is the responsibility of the Owner to make sure debris from the renovation is taken to the city transfer stations. No construction material of any kind is to be put in our garbage bins.</p>\n\n<p><br />\nAny debris in the hallways or elevators must be cleaned by the Owners or contractor.</p>\n\n<p style=\"text-align: center;\"><br />\n<strong>Building Security Via the Garage Door</strong></p>\n\n<p><br />\nThis rule description is being repeated from the previous newsletter because many people are still not complying with it.</p>\n\n<p><br />\nWhen you swipe your key fob to enter the garage, you will notice that the stoplight is initially green as you drive in. It turns red very shortly and you are required to stop at that red light and wait for the door to close. While you are waiting, it is possible that another car will come to enter the garage and when they swipe their fob, the light will turn green which is a signal to you that you may proceed into the garage to park without waiting for the door to close. Do not go forward unless the light has turned green. The reasoning behind this is simple.</p>\n\n<p><br />\nThere is a possibility (and it has happened) that a non-resident may try to enter the garage in their car after you have opened the door and driven in. The point where you stop prohibits them from actually entering. It also allows you to make sure that someone on foot is not following you in.</p>\n\n<p><br />\nWe have cameras inside and outside the garage door as well as all the door entrances to the buildings. These cameras are recording 24 hours a day and if you think that security has been breached, do not confront anyone. Instead, report it to the Superintendent who will follow it up with the appropriate authorities after viewing the recordings to confirm your suspicions.</p>\n\n<p><br />\nPlease remember that the speed limit in the garage is 10 kilometers per hour. This is for your safety as well as the safety of pedestrians walking through the garage and to and from the Recycling room. You must also sound your horn when going up or down the ramp and it is a good idea to roll down your window so you can hear when someone else is sounding their horn.</p>\n\n<p style=\"text-align: center;\"><br />\n<strong>Canada Day 150th Birthday Celebration</strong></p>\n\n<p><br />\nSave the date &ndash; Hosted by your Board of Directors<br />\nSaturday, July 1st 2017 in our beautiful courtyard<br />\nHappy hour to start at 4:00 pm.<br />\nBring your favourite libation and celebrate with your friends and neighbours.<br />\nChampagne toast to Canada will be served.<br />\nBBQ dinner starting at 5:30 pm. followed by a delicious Canada Day Cake.<br />\nLimited seating will be provided &ndash; if possible, please bring your own lawn chair.<br />\nBottled water will be provided.<br />\nRain date if needed will be Sunday, July 02, 2017.<br />\nWe really hope to see all of you there.</p>\n\n<p style=\"text-align: center;\"><br />\n<strong>A quick note from the WCC 76 President</strong></p>\n\n<p><br />\nDespite all the recent maintenance and projects, all is well financially with your Condominium Corporation.</p>\n\n<p><br />\nWe are looking forward to the new carpeting and LAR is well known for their professionalism and excellent work.</p>\n\n<p><br />\nPlease make every effort to attend the Canada Day Celebration. Board members will be doing the cooking and there is absolutely no cost to you personally.</p>\n\n<p>&nbsp;</p>', 1, 'newsletter', '2017-05-11 11:00:36', NULL),
(35, 'Summer 2017', '<p style=\"text-align: center;\"><strong>WCC. 76</strong></p>\n\n<p style=\"text-align: center;\"><strong>Harris Towers Newsletter</strong></p>\n\n<p style=\"text-align: center;\"><strong>Summer 2017</strong></p>\n\n<p>Summer is here after a very wet spring. The gardens are starting to bloom and things are looking beautiful.</p>\n\n<p>Previous editions of the newsletter are available for viewing on the Website at http://harristowers.com along with lots of other good stuff.</p>\n\n<p>If you know of any person or activity you would like to see mentioned in the newsletter, please let me know. You can send comments or ideas to calder408@gmail.com or call Bill at 905-538-6060.</p>\n\n<p>Special Notes</p>\n\n<p>The lighting company, Luminex, have completed the lighting changes.<br />\n&nbsp;<br />\nThe carpeting project is complete with the exception of the final cleaning and painting of the baseboards. 40 Building has been done and 30 Building is currently being done.<br />\nLAR has done an excellent job.</p>\n\n<p>The Canada Day celebration BBQ for the 150th anniversary of our becoming an independent country was a huge success and very well attended despite the weather. See the details later on in this newsletter.</p>\n\n<p>The outside window cleaning has been completed and it was a very good job. We had a new contractor this year and will probably keep them based on the disappointing results from the last 3 years with other contractors. It should be noted that the bottom of the windows will never get completely cleaned due to limestone splatters from the building fa&ccedil;ade every time it rains. It takes special chemicals to remove them and they come right back after it rains.</p>\n\n<p>We are currently having the Dryer Fighters clean out all the ductwork and dryer vents.</p>\n\n<p style=\"text-align: center;\"><strong>Updated Rules</strong></p>\n\n<p>The rules for our Condo Association have been edited and updated.</p>\n\n<p>The rules have not been updated for 10 years and the Board felt it was time to bring them up to today&rsquo;s standards.</p>\n\n<p>Every owner was mailed a copy of the updated rules and they became effective as of July 10, 2017.</p>\n\n<p>Please discard the rules that you received when you purchased your Condo.</p>\n\n<p>Do not confuse these updated rules with the copy of the Handbook dated 2014.<br />\nThe handbook is only a synopsis of some of the rules and is not a legal document. It is still in effect as a reference document only.</p>\n\n<p style=\"text-align: center;\"><strong>Carpet Replacement</strong></p>\n\n<p>All scheduled work for the carpet replacement has been completed.</p>\n\n<p>The pilasters have been installed on each floor and the thresholds have been sanded and refinished.</p>\n\n<p>The wall between the pilasters has had the wallpaper put up and Doug has put the mirrors back up. All the hallway and lobby lights have been replaced with new LED fixtures.</p>\n\n<p>The community room now has new carpet and the dance floor has been sanded and refinished.</p>\n\n<p>LAR is currently doing the final cleanup and repainting the bottom of the doors and the baseboard.</p>\n\n<p>It was a great job altogether and we thank you for being patient with the dust and inconvenience.</p>\n\n<p style=\"text-align: center;\"><strong>Lighting</strong></p>\n\n<p>The changing of all the lights in the garage levels and the common areas to energy efficient LED bulbs as well as all the Exit signs is now complete and this effort will save a considerable amount on the Corporation Hydro bill.</p>\n\n<p style=\"text-align: center;\"><strong>Renovations to your unit</strong></p>\n\n<p>Renovations to your unit are only allowed on Monday to Saturday between the hours of 8am to 5pm. No renovation work is allowed on Sundays or statutory holidays.</p>\n\n<p>It is the responsibility of the Owner to make sure debris from the renovation is taken to the city transfer stations. No construction material of any kind is to be put in our garbage bins.</p>\n\n<p>Any debris in the hallways or elevators must be cleaned by the Owners or contractor.</p>\n\n<p style=\"text-align: center;\"><strong>Canada Day 150th Birthday Celebration</strong></p>\n\n<p>The BBQ was a huge success and everyone had a good time. Despite the rain, it was decided to keep it on Saturday because we could see the clear skies getting closer.</p>\n\n<p>A closed in tent made visiting with neighbours easier. There was a champagne toast and the singing of O Canada followed by a superb dinner with delicious salads. The hamburgers and sausages were cooked by 2 grilling experts (Board members Ron and Bill) who managed to keep the raw burgers to a minimum once they figured out how to get the other half of the BBQ working. Topping the meal was a delicious cake.</p>\n\n<p>Thanks so much to Board members Irene, Kim and Edna for pulling the whole thing together. They worked tirelessly on it. Special mention also goes to former Board member Sonia for her help.</p>\n\n<p>If anyone has any pictures they would like posted on the website, please e-mail them to me at calder408@gmail.com or else put them on a flash drive and get them to me. The drive will be returned to you.</p>\n\n<p>Thanks to all for making this a success and to those who took the time to write Thank You cards.</p>\n\n<p style=\"text-align: center;\"><br />\n<strong>Condo Courtesy</strong></p>\n\n<p>There are many new owners lately we and we wish to welcome all of you to our community. It takes some time to get used to the fact that you now have neighbours above, below and on either side of you. It is much different than owning a detached house in that most things that you do can easily affect someone else. To that end, we would ask that you extend a little courtesy to others in the following ways.</p>\n\n<p>Close your balcony doors quietly because the noise that slamming the door makes can travel to your neighbours.</p>\n\n<p>When you are entering the garage, please turn down your music because there are units adjacent to the Garage and the owners living in them probably do not share your music taste.</p>\n\n<p>Keep you speed down in the garage because there are many pedestrians going to another building or to and from their cars.</p>\n\n<p>Keep your electronic devices (TV, stereo etc.) turned down because the sound will travel though the walls and floors and balconies.</p>\n\n<p style=\"text-align: center;\"><strong>Balcony Drainage</strong></p>\n\n<p>Water runs down from one balcony to another as part of the rain drainage system &ndash; while this is the normal drainage for the building when it rains, water flowing from air conditioners, watering your plants or washing down your balcony is not normal and it flows to your neighbour&rsquo;s balcony below. It is a major inconvenience on a dry day and it not permitted. Air conditioners must have a condensate pump that pumps the water back into the building drainage system.</p>\n\n<p style=\"text-align: center;\"><strong>A quick note from the WCC 76 President</strong></p>\n\n<p><br />\nDespite all the recent maintenance and projects, all is well financially with your Condominium Corporation. We take pride in our buildings and do not hesitate to perform any maintenance work needed in order to keep our buildings and infrastructure in tip top condition. This continues to make our Condo Association one of the most sought after in Hamilton&hellip;.maybe even the country : )</p>\n\n<p><br />\nThanks again to all the Board members who worked hard to make the BBQ a success.</p>\n\n<p style=\"text-align: center;\"><br />\n<strong>Harris Towers</strong></p>\n\n<p style=\"text-align: center;\"><strong>&nbsp;&nbsp;&nbsp; e-mail :&nbsp; harristowers@rogers.com<br />\n&nbsp;&nbsp;&nbsp;&nbsp;&nbsp;&nbsp;&nbsp;&nbsp;&nbsp;&nbsp;&nbsp;&nbsp; website :&nbsp; http://harristowers.com</strong></p>\n\n<p style=\"text-align: center;\"><br />\n<strong>Office # 905-560 5536&nbsp;&nbsp;&nbsp;&nbsp;&nbsp;&nbsp; Emergency # 289-439-4447</strong></p>\n\n<p>&nbsp;</p>', 1, 'newsletter', '2017-07-31 04:48:25', NULL),
(36, 'Fall 2017', '<p style=\"text-align: center;\">WCC. 76</p>\n\n<p style=\"text-align: center;\">Harris Towers Newsletter</p>\n\n<p style=\"text-align: center;\">Fall 2017</p>\n\n<p>Fall has arrived and the temperatures are starting to drop. Please check your baseboard heaters to ensure you will be ready for the freezing temperatures to come.</p>\n\n<p>Previous editions of the newsletter are available for viewing on the Website at http://harristowers.com along with lots of other good stuff.</p>\n\n<p>If you know of any person or activity you would like to see mentioned in the newsletter, please let me know. You can send comments or ideas to calder408@gmail.com or call Bill at 905-538-6060.</p>\n\n<p>Special Notes</p>\n\n<p>We welcome three newly elected members of the Board, Dave Andrews, Sonia Wira and Rob Darnley.</p>\n\n<p>The lobbies of both buildings have been updated with wallpaper, new chairs and new wall d&eacute;cor. Thanks very much to Sylvia and Doug (but mostly Sylvia) for taking the reins on this and doing such a great job.</p>\n\n<p>The annual Christmas party hosted by Doug and Sylvia is scheduled for Wednesday, December 20th, 2017. It will be held in the community room starting at 6:30 pm.</p>\n\n<p>The AGM was held on September 27th, 2017 and was well attended. One issue that was presented from the floor was the matter of ID tags for cars parking in the garage.<br />\nThis was discussed at the October Board meeting and it was decided that they were not necessary. The tag system was phased out after the camera surveillance and the electronic FOB system were installed at the garage door.<br />\nWhen you swipe the FOB, the garage door opens and you have a green light to proceed. The light will turn red once you have entered and you are then required to stop at the red light until the garage door closes.&nbsp; If there is a car behind you, the light will turn green once they swipe their FOB and you may then proceed to park and the car behind you pulls into the spot you just vacated and stops until the garage door closes. If your light does not turn green, you must stay put until the door closes.</p>\n\n<p style=\"text-align: center;\"><strong>Enter Phone System</strong></p>\n\n<p>Some people have been asking if it is necessary to have a land phone line in order to open the front door for a visitor. They prefer to use their cell phones as their primary telephone.</p>\n\n<p>The short answer is no. You do however need a phone that will plug into the wall but it can be set up to only connect to the enter phone system. If you drop your landline service, check to see that your plugged in phone works the front door. If it does not, contact the Super who will give you the phone number of a company that can alter the wiring to make it work. You will have to pay for this service yourself.</p>\n\n<p style=\"text-align: center;\"><strong>Building Security</strong></p>\n\n<p>Residents are reminded that with the exception of emergency personnel, they should never give access to our buildings to anyone they do not know. We want to keep our homes safe and secure.</p>\n\n<p style=\"text-align: center;\"><strong>Condensation Reminder</strong></p>\n\n<p>Excessive water or icing up on the inside of windows is a sure sign that the humidity is too high in your unit. Condensation on windows is a real problem and it can cause wood rot and mold growth. This can lead to expensive repairs. Damage caused by this (drywall, woodwork etc.) is not covered by the Condo Corporation.</p>\n\n<p>Investigations have shown that in all cases of moisture on windows, the humidity was too high. You may need to open a window slightly, use your exhaust fans in the bathrooms and kitchen and possibly run a dehumidifier in order to bring down the humidity levels. The chart below shows what relative humidity should be in the winter. The superintendent has a gauge that can check the humidity level in your unit if you see moisture or icing on the inside of your windows.</p>\n\n<p style=\"text-align: center;\"><strong>Courtyard Accessibility</strong></p>\n\n<p>Each building has 2 corridors which access the courtyard. Accessibility through the heavy doors is sometimes very difficult for those people who rely on a walker or wheelchair to stay mobile.</p>\n\n<p>We have contracted to make the doors automatic in one corridor of each building. This will allow anyone in the building to access the courtyard easily and still maintain our security because a key will be necessary to open the main door in order to get back in. It will be the same key that is currently used but the key actuator will be mounted away from the door so that it will open freely without you having to back up from the door.<br />\nWork on this project is expected to begin in mid-December of this year.</p>\n\n<p style=\"text-align: center;\"><br />\n<strong>Hydro Moneysaving Tips From Director Dave</strong><br />\n&nbsp;</p>\n\n<p>As you all know hydro costs are not going down so I thought it was time to pass on some ideas I have learned going through the hydro audit and lamp refit program. This project taken on by your board has so far reduced the Corporation hydro consumption by up to 25% on a month to month basis over last year. My wife and I have taken the ideas given to us and put them to use in our own condo. We have just been notified our equal monthly billing amount for the next year has been reduced by $12.00 per month so it does work.</p>\n\n<p>So here we go:<br />\n<strong>Convert: </strong>ALL light bulbs to LED, they are now available as dimmable and even chandelier bulbs are available as LED. These are regularly on sale at Home Depot, Canadian Tire and Costco.<br />\n<strong>Air movement:</strong> Ceiling fans will move hot air from the ceiling back down to the floor, not only does it decrease heating costs it also helps with keeping the moisture off our windows in the winter.&nbsp; Our bedroom ceiling fan is on 24/7 and the fan on our central air runs 24/7.<br />\n<strong>Thermostats:</strong>&nbsp; The original thermostats should be replaced, they are becoming unreliable and inaccurate.&nbsp; Dragan at Dragon Electric 905-961-5155 replaced ours. He does a lot of the electrical work for the board and is very familiar with our units. The cost is your responsibility.<br />\n<strong>Central Air:</strong> You might want to look into replacing your A/C unit. The new units are very cost effective and much more efficient. As I mentioned above, the fan can be operated 24/7 on newer units and it keeps that all important air movement going.<br />\n<strong>Appliances:</strong>&nbsp; Older fridges, dishwashers and washer and driers are terribly inefficient. Mike Cadieux is a senior manager at Peter Martin Home appliances, he and his wife live in 40 building and he can be reached at his office 905-383-2146 ext. 1009. Don&#39;t be scared to give him a call. I have worked with him on the board and I can assure you, you will be very well looked after.<br />\nCheck the age of your hot water tank. Again the newer it is the more efficient.<br />\nThis one will sound silly, but we have done it and you would be surprised at the amount of dust sitting in your baseboard heaters. Take the crevice tool of your vacuum cleaner and get in to all the cracks and crevices of your baseboard heaters.<br />\n<strong>AND FINALLY:</strong>&nbsp; The one thing we don&#39;t want to hear as we get older, is the fat layer under our skin gets thinner as we get older so we are more aware of colder temperatures. I know I will sound like an old nag but a sweater and warmer socks go a long way to keeping us stay warmer, so we DON&rsquo;T have to touch that new thermostat.</p>\n\n<p>I hope these tips will help and if you have any questions feel free to drop a note into Doug&#39;s slot in his office door and I would be pleased to answer any questions you may have.<br />\n&nbsp;Have a SAFE and comfortable (not too warm - just had to add that), winter.</p>\n\n<p>Sincerely<br />\nDave Andrews</p>\n\n<p>&nbsp;</p>\n\n<p><br />\nA quick note from the WCC 76 President</p>\n\n<p><br />\nAll is well financially with your condominium corporation.</p>\n\n<p>We are looking for volunteers to work in the gardens next year. Please leave your name with Doug and any help you can give would be much appreciated.</p>\n\n<p>Many thanks to Dave Andrews for his timely advice on saving hydro costs. He was/is instrumental in the research and implementation of our hydro changes and subsequent savings.</p>\n\n<p>I hope to see you all at the Annual Christmas Party.</p>\n\n<p>&nbsp;</p>\n\n<p>&nbsp;</p>\n\n<p style=\"text-align: center;\"><br />\nHarris Towers</p>\n\n<p style=\"text-align: center;\">&nbsp;&nbsp;&nbsp; e-mail :&nbsp; harristowers@rogers.com<br />\n&nbsp;&nbsp;&nbsp;&nbsp;&nbsp;&nbsp;&nbsp;&nbsp;&nbsp;&nbsp;&nbsp;&nbsp; website :&nbsp; http://harristowers.com</p>\n\n<p style=\"text-align: center;\">Office # 905-560 5536&nbsp;&nbsp;&nbsp;&nbsp;&nbsp;&nbsp; Emergency # 289-439-4447</p>', 1, 'newsletter', '2017-11-08 10:15:04', NULL);
INSERT INTO `newsletters` (`newsletterId`, `newsletterHeading`, `newsletterBody`, `active`, `type`, `creationDateTime`, `updatedDateTime`) VALUES
(37, 'Winter 2018', '<p style=\"text-align: center;\"><strong>WCC. 76</strong></p>\n\n<p style=\"text-align: center;\"><strong>Harris Towers Newsletter</strong></p>\n\n<p style=\"text-align: center;\"><strong>Winter 2018</strong></p>\n\n<p>It has been a long, cold winter so far with lots of snow. We hope everyone is coping well and staying warm.</p>\n\n<p>Previous editions of the newsletter are available for viewing on the Website at http://harristowers.com along with lots of other good stuff.</p>\n\n<p>If you know of any person or activity you would like to see mentioned in the newsletter, please let me know. You can send comments or ideas to calder408@gmail.com or call Bill at 905-538-6060.</p>\n\n<p>Special Notes</p>\n\n<p>The annual Christmas party hosted by Doug and Sylvia was another great success. It was well attended and the food and drink were plentiful and very good.</p>\n\n<p>Doug and Sylvia have also excelled in the seasonal decorating of the lobbies and we thank them for the time they have put into it. It really makes a difference and many visitors have also said great things about it.</p>\n\n<p>We have replaced the refrigerator in the Party room because the old one was losing it&rsquo;s cool and very inefficient. The new one has the freezer section at the bottom and it looks great. Many thanks to Mike Cadieux and Peter Martins appliances for giving us great service and a good deal.</p>\n\n<p>Our Snow Clearing contractor has been doing a great job this winter keeping the parking lot and sidewalks clear.</p>\n\n<p>The 40 Building directional sign is now back thanks to a combined effort by Building Manager Doug Corbett and Director Rob Darnley. Great work guys.</p>\n\n<p>The swimming pool is due for some major maintenance and we are currently obtaining quotes to have the work performed. We can not give a date for this yet, but when it does happen, the pool will be out of service for approximately 3 weeks. We will keep you informed of this as things progress.</p>\n\n<p style=\"text-align: center;\"><strong>Garage Door</strong></p>\n\n<p>We recently had to have some maintenance work done on the garage door because someone hit the bottom of it tearing the weather stripping and knocking the cable off the pulley. It is VERY important to wait for the door to fully open before proceeding to prevent this from happening again.</p>\n\n<p style=\"text-align: center;\"><strong>Building Security</strong></p>\n\n<p>Residents are reminded that with the exception of emergency personnel, they should never give access to our buildings to anyone they do not know. We want to keep our homes safe and secure.</p>\n\n<p style=\"text-align: center;\"><strong>Swimming Pool</strong></p>\n\n<p>You are required to shower before entering the swimming pool. This is for health reasons. Remember to obey all the posted rules. They are there for your health and safety. Usage of the pool is also at your own risk.</p>\n\n<p style=\"text-align: center;\"><strong>Courtyard Accessibility</strong></p>\n\n<p>Each building has 2 corridors which access the courtyard.<br />\nAccessibility through the heavy doors is sometimes very difficult for those people who rely on a walker or wheelchair to stay mobile.</p>\n\n<p>We have almost completed the switch to automatic doors in one corridor of each building exiting to the courtyard. They are located on the first floor west in the 40 building and the second floor north in the 30 building. This will allow anyone in the building to access the courtyard easily and still maintain security because a key will be necessary to open the main door to get back in the buildings. It will be the same key that is currently used but the key actuator will be mounted away from the door so that it will open freely without you having to back up from the door. This keying should be completed soon.</p>\n\n<p style=\"text-align: center;\"><strong>Workout Room</strong></p>\n\n<p>Below is a reminder from our rules regarding the workout room. Please adhere to these rules.</p>\n\n<p>&nbsp;&nbsp;&nbsp;&nbsp;&nbsp;&nbsp; (a)&nbsp;The use of this room is at the user&#39;s risk.<br />\n&nbsp;&nbsp;&nbsp;&nbsp;&nbsp;&nbsp; (b)&nbsp;This room is for the exclusive use of Owners only and no guests are allowed.<br />\n&nbsp;&nbsp;&nbsp;&nbsp;&nbsp;&nbsp; (c)&nbsp;No equipment is to be taken out of the exercise room for any reason.<br />\n&nbsp;&nbsp;&nbsp;&nbsp;&nbsp;&nbsp; (d)&nbsp;No food is permitted and only beverages contained in a plastic container are allowed in this room.<br />\n&nbsp;&nbsp;&nbsp;&nbsp;&nbsp;&nbsp; (e)&nbsp;Proper dress shall be worn. Tops must be worn at all times.<br />\n&nbsp;&nbsp;&nbsp;&nbsp;&nbsp;&nbsp; (f)&nbsp;Sports shoes only must be worn; sandals, slippers, flip flops etc. are not acceptable.<br />\n&nbsp;&nbsp;&nbsp;&nbsp;&nbsp;&nbsp; (g)&nbsp;Wet bathing suits are not permitted in these rooms.<br />\n&nbsp;&nbsp;&nbsp;&nbsp;&nbsp;&nbsp; (h)&nbsp;No person under the age of sixteen (16) may use or is allowed in the exercise room.</p>\n\n<p>PLEASE NOTE:<br />\nFOR SANITARY REASONS, PLEASE USE A TOWEL TO WIPE THE PERSPIRATION OFF THE SURFACE OF EQUIPMENT USED.</p>\n\n<p>We have a resident in 40 building who is very familiar with the equipment in the room and has made himself available to anyone who needs help learning how to use it.</p>\n\n<p>His name is Rob Darnley, phone number 289-755-4507</p>\n\n<p style=\"text-align: center;\"><strong>A quick note from the WCC 76 President</strong></p>\n\n<p><br />\nAll is well financially with your condominium corporation.</p>\n\n<p>We are looking for volunteers to work in the gardens next year. Please leave your name with Doug and any help you can give would be much appreciated.</p>\n\n<p style=\"text-align: center;\"><br />\n<strong>Harris Towers</strong></p>\n\n<p style=\"text-align: center;\">&nbsp;&nbsp;&nbsp; e-mail :&nbsp; harristowers@rogers.com<br />\n&nbsp;&nbsp;&nbsp;&nbsp;&nbsp;&nbsp;&nbsp;&nbsp;&nbsp;&nbsp;&nbsp;&nbsp; website :&nbsp; http://harristowers.com</p>\n\n<p style=\"text-align: center;\">Office # 905-560 5536&nbsp;&nbsp;&nbsp;&nbsp;&nbsp;&nbsp; Emergency # 289-439-4447</p>', 1, 'newsletter', '2018-02-06 11:22:21', NULL),
(38, 'PIC - Feb 20, 2018', '<p>This is just a test document. Please disregard Testing 123</p>', 2, 'pi', '2018-02-20 15:14:29', '2018-02-20 15:14:57'),
(39, 'PIC - Feb 20, 2018', '<p>This is a test.</p>', 1, 'pi', '2018-02-20 16:35:15', NULL),
(40, 'Spring 2018', '<p>&nbsp;</p>\n\n<p>&nbsp;</p>\n\n<p>&nbsp; &nbsp; &nbsp; &nbsp; &nbsp; &nbsp; &nbsp; &nbsp; &nbsp; &nbsp; &nbsp;&nbsp;</p>\n\n<p align=\"center\"><strong>WCC. 76</strong></p>\n\n<p align=\"center\"><strong>Harris</strong><strong> Towers</strong><strong> Newsletter </strong></p>\n\n<p align=\"center\"><strong>Spring 2018</strong></p>\n\n<p align=\"center\">It was a long, cold winter with lots of snow. Spring is finally here and it&rsquo;s about time!!</p>\n\n<p>Previous editions of the newsletter are available for viewing on the Website at <a href=\"http://harristowers.com/\">http://harristowers.com</a> along with lots of other good stuff.</p>\n\n<p>If you know of any person or activity you would like to see mentioned in the newsletter, please let me know. You can send comments or ideas to <a>calder408@gmail.com</a> or call Bill at 905-538-6060.</p>\n\n<p style=\"text-align: center;\"><strong>Special Notes</strong></p>\n\n<p>We have installed door closers on the saunas in the change room because they were continually being left open.</p>\n\n<p>The accessibility doors to the courtyard are now in operation.</p>\n\n<p>As you know, we have changed Management companies and are now contracted to Precision Property Management Inc. We welcome them and our new Property Manager Pat Kummer.</p>\n\n<p>The annual garage cleaning has been scheduled for May 16<sup>th</sup>. Your cars and any baskets should be removed by 8:00 am on the morning of the 16<sup>th</sup>. Parking in the visitor spots is allowed for this day only as well as parking behind the mall or on the street. It is a yearly but necessary inconvenience so that we can maintain the cleanliness of the garage.</p>\n\n<p>The exterior window cleaning will take place near the end of June, weather permitting. A firm date will be set at a later time.</p>\n\n<p>We have installed an observation window in the loading door of 40 Building. You will now be able to wait for your ride to show up without having to constantly open the door to check.</p>\n\n<p>In the 30 Building, we are in the process of finding a chair for you to sit on while waiting for your ride. It will be placed in the first section of the 30 building lobby near the enter phone pedestal.</p>\n\n<p style=\"text-align: center;\"><strong>Games Room</strong></p>\n\n<p>The Games Room was the center of a lot of attention this winter.</p>\n\n<p>We removed the ping pong table which had been broken when someone decided to sit on it. We removed it completely and made way for a second pool table and a shuffleboard. It has worked out well and there is now much more attendance including pool tournaments and shuffleboard tournaments. The room looks so much better and very inviting. There is also a dart board in there for anyone who is so inclined.</p>\n\n<p>Thanks going out to owner Walt Lieber for installing the new light over the new pool table.</p>\n\n<p>Thanks also to (pool shark) Elvidio Rocci for the upkeep of the games room and pool tables. He has gone out of his way to make sure things are kept clean and has also repaired anything that has broken or worn out such as pool cues. He made the bridge sticks, fixed triangles and put some pictures on the walls. He has kept both pool tables in good repair and he has been doing this over the last few years.</p>\n\n<p>Remember that a special key is required to get into the room and these are available from Doug on request. Note that a resident must be present if allowing a guest to use the room.</p>\n\n<p style=\"text-align: center;\"><strong>Building Security</strong></p>\n\n<p align=\"center\">Residents are reminded that with the exception of emergency personnel, they should never give access to the lobbies in our buildings to anyone they do not know. We want to keep our homes safe and secure.</p>\n\n<p style=\"text-align: center;\"><strong>Swimming Pool</strong></p>\n\n<p>You are required to shower before entering the swimming pool. <strong>The showers in the change rooms are for the exclusive use of those who are entering and exiting the pool. It should not be used for any other reason.</strong> This is for health reasons. Remember to obey all the posted rules. They are there for your health and safety. Usage of the pool is also at your own risk.</p>\n\n<p align=\"center\"><strong>Courtyard Accessibility</strong></p>\n\n<p>Each building has 2 corridors which access the courtyard.</p>\n\n<p>Accessibility through the heavy doors is sometimes very difficult for those people who rely on a walker or wheelchair to stay mobile.</p>\n\n<p>We have completed the switch to automatic doors in one corridor of each building exiting to the courtyard. They are located on the first floor west in the 40 building and the second floor north in the 30 building. This will allow anyone in the building to access the courtyard easily and still maintain security because a key is still necessary to open the main door to get back in the buildings. It is the same key that is currently used but the key actuator will be mounted away from the door so that it will open freely without you having to back up from the door.</p>\n\n<p style=\"text-align: center;\"><strong>Parking Garage Rules</strong></p>\n\n<p>&nbsp;</p>\n\n<p>Remember that your speed in the garage is to be <strong><u>very slow</u></strong>. There are a number of blind corners and the safety of pedestrians must be ensured. <strong>PLEASE SLOW DOWN!!!</strong></p>\n\n<p><strong>Also, it is very important to <u>SOUND YOUR HORN</u></strong> if you intend to go up or down the ramp connecting the two levels of parking. Observe the posted stop signs.</p>\n\n<p>Remember when you are entering or exiting the Garage, you are required to <strong>wait until the door closes</strong> before continuing on your way. The ONLY exceptions are another car entering or exiting or if the Superintendent has the doors open for service.</p>\n\n<p>If you pull up to the door and it has started to close, <strong>let it close</strong> before you swipe your key fob to open it. Otherwise, it puts a great strain on the motor when it has to suddenly stop and reverse. We all pay for servicing this door and it is expensive so please do your part to minimize the number of service calls.</p>\n\n<p>Please note that the door is for vehicles only. There is NO pedestrian traffic allowed in or out through this door with the exception of the Superintendent when he is taking out the various recycle bins.</p>\n\n<p>&nbsp;</p>\n\n<p align=\"center\"><strong>Special Cleanup Day</strong></p>\n\n<p align=\"center\">&nbsp;</p>\n\n<p>The Board has arranged for Dumpsters to be on site and located in the loading dock of each building. This one day only cleanup is a good time for you to get rid of stuff from your home and Locker. The dumpsters will be arriving late Friday afternoon and will be there until 1:00 pm on Saturday.</p>\n\n<p>An information flyer is attached to this newsletter with all the details.</p>\n\n<p><strong>Please note that Fire Regulations require that nothing is to be stored outside of or on top of the lockers.</strong></p>\n\n<p>The Board has requested Doug to remove anything that is in violation of this regulation and he will do so after this cleanup.</p>\n\n<p align=\"center\"><strong>A quick note from the WCC 76 President</strong></p>\n\n<p align=\"center\">All is well financially with your Condominium Corporation. The new budget has been approved and sent to all the Owners.</p>\n\n<p>We have quite a few new Owners in the last year and we would like to welcome them all to our community. Please make sure you have read the rules and understand what it is to be part of a condominium.</p>\n\n<p>I hope you take advantage of the cleanup day.</p>\n\n<p>We are looking for volunteers to work in the gardens this year. Please leave your name with Doug and any help you can give would be much appreciated.</p>\n\n<p style=\"text-align: center;\"><strong>Harris</strong><strong> Towers</strong></p>\n\n<p>&nbsp;</p>\n\n<p align=\"center\">&nbsp;&nbsp;&nbsp; e-mail :&nbsp; <a>harristowers@rogers.com</a></p>\n\n<p>&nbsp;&nbsp;&nbsp;&nbsp;&nbsp;&nbsp;&nbsp;&nbsp;&nbsp;&nbsp;&nbsp;&nbsp;&nbsp;&nbsp;&nbsp;&nbsp;&nbsp;&nbsp;&nbsp;&nbsp;&nbsp;&nbsp;&nbsp;&nbsp;&nbsp;&nbsp;&nbsp;&nbsp;&nbsp;&nbsp;&nbsp;&nbsp;&nbsp;&nbsp;&nbsp;&nbsp;&nbsp;&nbsp;&nbsp;&nbsp;&nbsp;&nbsp;&nbsp;&nbsp;&nbsp;&nbsp;&nbsp; &nbsp;&nbsp;&nbsp;&nbsp;&nbsp;&nbsp;&nbsp;&nbsp; website : &nbsp;http://harristowers.com</p>\n\n<p align=\"center\">&nbsp;</p>\n\n<p align=\"center\"><strong>Office # 905-560 5536&nbsp;&nbsp;&nbsp;&nbsp;&nbsp;&nbsp; Emergency # 289-439-4447</strong></p>\n\n<p align=\"center\">&nbsp;</p>\n\n<p style=\"background-color: transparent; color: rgb(0, 0, 0); cursor: text; font-family: Times New Roman; font-size: 16px; font-style: normal; font-variant: normal; font-weight: 400; letter-spacing: normal; orphans: 2; text-align: left; text-decoration: none; text-indent: 0px; text-transform: none; -webkit-text-stroke-width: 0px; white-space: normal; word-spacing: 0px;\">&nbsp; &nbsp; &nbsp; &nbsp; &nbsp; &nbsp; &nbsp; &nbsp; &nbsp; &nbsp; &nbsp; &nbsp; &nbsp;&nbsp;</p>\n\n<table cellpadding=\"0\" cellspacing=\"0\" style=\"background-color: transparent; border-bottom-color: rgb(211, 211, 211); border-bottom-style: dotted; border-bottom-width: 1px; border-image-outset: 0; border-image-repeat: stretch; border-image-slice: 100%; border-image-source: none; border-image-width: 1; border-left-color: rgb(211, 211, 211); border-left-style: dotted; border-left-width: 1px; border-right-color: rgb(211, 211, 211); border-right-style: dotted; border-right-width: 1px; border-top-color: rgb(211, 211, 211); border-top-style: dotted; border-top-width: 1px; color: rgb(0, 0, 0); font-family: Times New Roman; font-size: 16px; font-style: normal; font-variant: normal; font-weight: 400; letter-spacing: normal; orphans: 2; text-align: left; text-decoration: none; text-indent: 0px; text-transform: none; -webkit-text-stroke-width: 0px; white-space: normal; word-spacing: 0px;\" width=\"100%\">\n	<tbody style=\"cursor: text;\">\n		<tr style=\"cursor: text;\">\n			<td style=\"border-bottom-color: rgb(211, 211, 211); border-bottom-style: dotted; border-bottom-width: 1px; border-image-outset: 0; border-image-repeat: stretch; border-image-slice: 100%; border-image-source: none; border-image-width: 1; border-left-color: rgb(211, 211, 211); border-left-style: dotted; border-left-width: 1px; border-right-color: rgb(211, 211, 211); border-right-style: dotted; border-right-width: 1px; border-top-color: rgb(211, 211, 211); border-top-style: dotted; border-top-width: 1px;\">\n			<div style=\"cursor: text;\">\n			<p style=\"cursor: text;\"><strong style=\"cursor: text;\">RUBBISH CLEANUP and CLOTHING DONATION FOR HARRIS TOWERS RESIDENTS</strong></p>\n			</div>\n			</td>\n		</tr>\n	</tbody>\n</table>\n\n<p style=\"background-color: transparent; color: rgb(0, 0, 0); cursor: text; font-family: Times New Roman; font-size: 16px; font-style: normal; font-variant: normal; font-weight: 400; letter-spacing: normal; orphans: 2; text-align: left; text-decoration: none; text-indent: 0px; text-transform: none; -webkit-text-stroke-width: 0px; white-space: normal; word-spacing: 0px;\">&nbsp;</p>\n\n<p style=\"background-color: transparent; color: rgb(0, 0, 0); cursor: text; font-family: Times New Roman; font-size: 16px; font-style: normal; font-variant: normal; font-weight: 400; letter-spacing: normal; orphans: 2; text-align: left; text-decoration: none; text-indent: 0px; text-transform: none; -webkit-text-stroke-width: 0px; white-space: normal; word-spacing: 0px;\">Your board is arranging a rubbish cleanup day.</p>\n\n<p style=\"background-color: transparent; color: rgb(0, 0, 0); cursor: text; font-family: Times New Roman; font-size: 16px; font-style: normal; font-variant: normal; font-weight: 400; letter-spacing: normal; orphans: 2; text-align: left; text-decoration: none; text-indent: 0px; text-transform: none; -webkit-text-stroke-width: 0px; white-space: normal; word-spacing: 0px;\"><strong style=\"cursor: text;\"><u style=\"cursor: text;\">Friday June 08 and Saturday June 09, 2018.</u></strong></p>\n\n<p style=\"background-color: transparent; color: rgb(0, 0, 0); cursor: text; font-family: Times New Roman; font-size: 16px; font-style: normal; font-variant: normal; font-weight: 400; letter-spacing: normal; orphans: 2; text-align: left; text-decoration: none; text-indent: 0px; text-transform: none; -webkit-text-stroke-width: 0px; white-space: normal; word-spacing: 0px;\"><strong style=\"cursor: text;\">The bins will be here on Friday afternoon until Saturday at 1:00pm.</strong></p>\n\n<p style=\"background-color: transparent; color: rgb(0, 0, 0); cursor: text; font-family: Times New Roman; font-size: 16px; font-style: normal; font-variant: normal; font-weight: 400; letter-spacing: normal; orphans: 2; text-align: left; text-decoration: none; text-indent: 0px; text-transform: none; -webkit-text-stroke-width: 0px; white-space: normal; word-spacing: 0px;\">There will also be a truck here on <strong style=\"cursor: text;\"><u style=\"cursor: text;\">Saturday June 23</u></strong> between 10:00 am and noon to accept donations of clothing and usable furniture or appliances.</p>\n\n<p style=\"background-color: transparent; color: rgb(0, 0, 0); cursor: text; font-family: Times New Roman; font-size: 16px; font-style: normal; font-variant: normal; font-weight: 400; letter-spacing: normal; orphans: 2; text-align: left; text-decoration: none; text-indent: 0px; text-transform: none; -webkit-text-stroke-width: 0px; white-space: normal; word-spacing: 0px;\">We will have a Dumpster available for you to get rid of stuff from your homes or lockers. The location of the Dumpsters will be in the loading docks of each building.</p>\n\n<p style=\"background-color: transparent; color: rgb(0, 0, 0); cursor: text; font-family: Times New Roman; font-size: 16px; font-style: normal; font-variant: normal; font-weight: 400; letter-spacing: normal; orphans: 2; text-align: left; text-decoration: none; text-indent: 0px; text-transform: none; -webkit-text-stroke-width: 0px; white-space: normal; word-spacing: 0px;\">This is the first time we have offered something like this and we are looking for your cooperation in making it a success.</p>\n\n<p style=\"background-color: transparent; color: rgb(0, 0, 0); cursor: text; font-family: Times New Roman; font-size: 16px; font-style: normal; font-variant: normal; font-weight: 400; letter-spacing: normal; orphans: 2; text-align: left; text-decoration: none; text-indent: 0px; text-transform: none; -webkit-text-stroke-width: 0px; white-space: normal; word-spacing: 0px;\">There will be Board members and hopefully some volunteers available to oversee the loading and to help you get your stuff out if needed.</p>\n\n<p style=\"background-color: transparent; color: rgb(0, 0, 0); cursor: text; font-family: Times New Roman; font-size: 16px; font-style: normal; font-variant: normal; font-weight: 400; letter-spacing: normal; orphans: 2; text-align: left; text-decoration: none; text-indent: 0px; text-transform: none; -webkit-text-stroke-width: 0px; white-space: normal; word-spacing: 0px;\">What a great time to clean out your lockers and any junk you have in your units.</p>\n\n<p style=\"background-color: transparent; color: rgb(0, 0, 0); cursor: text; font-family: Times New Roman; font-size: 16px; font-style: normal; font-variant: normal; font-weight: 400; letter-spacing: normal; orphans: 2; text-align: left; text-decoration: none; text-indent: 0px; text-transform: none; -webkit-text-stroke-width: 0px; white-space: normal; word-spacing: 0px;\"><strong style=\"cursor: text;\"><u style=\"cursor: text;\">Please note the following:</u></strong></p>\n\n<p style=\"background-color: transparent; color: rgb(0, 0, 0); cursor: text; font-family: Times New Roman; font-size: 16px; font-style: normal; font-variant: normal; font-weight: 400; letter-spacing: normal; orphans: 2; text-align: left; text-decoration: none; text-indent: 0px; text-transform: none; -webkit-text-stroke-width: 0px; white-space: normal; word-spacing: 0px;\">There will be <strong style=\"cursor: text;\">no unloading of cars, trucks or trailers</strong>. This is for resident&rsquo;s property only.</p>\n\n<p style=\"background-color: transparent; color: rgb(0, 0, 0); cursor: text; font-family: Times New Roman; font-size: 16px; font-style: normal; font-variant: normal; font-weight: 400; letter-spacing: normal; orphans: 2; text-align: left; text-decoration: none; text-indent: 0px; text-transform: none; -webkit-text-stroke-width: 0px; white-space: normal; word-spacing: 0px;\">Only <strong style=\"cursor: text;\"><u style=\"cursor: text;\">empty</u></strong> paint cans are allowed. No hazardous waste or bricks/concrete allowed.</p>\n\n<p style=\"background-color: transparent; color: rgb(0, 0, 0); cursor: text; font-family: Times New Roman; font-size: 16px; font-style: normal; font-variant: normal; font-weight: 400; letter-spacing: normal; orphans: 2; text-align: left; text-decoration: none; text-indent: 0px; text-transform: none; -webkit-text-stroke-width: 0px; white-space: normal; word-spacing: 0px;\">No propane tanks are allowed.</p>\n\n<p style=\"background-color: transparent; color: rgb(0, 0, 0); cursor: text; font-family: Times New Roman; font-size: 16px; font-style: normal; font-variant: normal; font-weight: 400; letter-spacing: normal; orphans: 2; text-align: left; text-decoration: none; text-indent: 0px; text-transform: none; -webkit-text-stroke-width: 0px; white-space: normal; word-spacing: 0px;\">Please do not schedule any delivery for Friday afternoon or Saturday because both loading docks will be inaccessible to moving trucks.</p>\n\n<p align=\"center\">&nbsp;</p>', 1, 'newsletter', '2018-05-22 06:15:33', '2018-05-22 06:18:45');

-- --------------------------------------------------------

--
-- Table structure for table `people`
--

CREATE TABLE `people` (
  `personId` int(11) NOT NULL,
  `Salutation` varchar(10) DEFAULT NULL,
  `firstName` varchar(75) NOT NULL,
  `lastName` varchar(75) NOT NULL,
  `userId` int(11) NOT NULL,
  `active` int(11) NOT NULL DEFAULT '1'
) ENGINE=InnoDB DEFAULT CHARSET=latin1;

--
-- Dumping data for table `people`
--

INSERT INTO `people` (`personId`, `Salutation`, `firstName`, `lastName`, `userId`, `active`) VALUES
(2, '', 'Blanche', 'Horvat', 1, 1),
(3, '', 'Ray ', 'Ferroni', 2, 1),
(4, '', 'Marcia', 'Ferroni', 2, 1),
(5, '', 'Nikolai', 'Pavski', 3, 1),
(6, '', '', 'St Piere', 4, 1),
(7, '', 'Yvonne', 'Thomas', 5, 1),
(8, '', 'Charlotte', 'Olasz', 6, 1),
(9, '', 'Diane', 'Lemon', 7, 1),
(10, '', 'Dina', 'Sankey', 8, 1),
(11, '', 'Christine', 'Townsend', 9, 1),
(12, '', 'Rick', 'Watson', 10, 1),
(13, '', 'Bridgett', 'Watson', 10, 1),
(14, '', 'Leane  ', 'Armstrong', 11, 1),
(15, '', 'James ', 'Dayler', 12, 1),
(16, '', 'Norma', 'Dayler', 12, 1),
(17, '', 'Patricia', 'Hayward', 13, 1),
(18, '', 'Diwakarrao', 'Ponna ', 14, 1),
(19, '', 'Carol', 'Kukoly', 15, 1),
(20, '', 'Frank   ', 'Kaupert', 15, 1),
(21, '', 'Diwakarrao', 'Ponna ', 16, 1),
(22, '', 'Gisela', 'Breitstein', 17, 1),
(23, '', 'Barbra', 'Lawrynowicz', 18, 1),
(24, '', 'Jean', 'O\'Meara', 19, 1),
(25, '', 'Tim', 'Curtis', 20, 1),
(26, '', 'Constance', 'Provan', 21, 1),
(27, '', 'Rory', 'Smith', 22, 1),
(28, '', 'Bob ', 'Smart', 23, 1),
(29, '', 'Elaine', 'Smart', 23, 1),
(30, '', 'Kelly', 'Lebel', 24, 1),
(31, '', 'Robert', 'Armstrong', 25, 1),
(32, '', 'Kathi', 'Lukasik', 26, 1),
(33, '', 'Luigina', 'Vella', 27, 1),
(34, '', 'Arie ', 'Bergshoeff', 28, 1),
(35, '', 'Marlene', 'Bergshoeff', 28, 1),
(36, '', 'Sylvia', 'Corbett', 29, 1),
(37, '', 'Doug ', 'Corbett', 29, 1),
(38, '', 'Anne', 'Hamilton', 30, 1),
(39, '', 'Jacqualine', 'Landridge', 31, 1),
(40, '', 'Ronald ', 'Landridge', 31, 1),
(41, '', 'Louise', 'Vucina', 32, 1),
(42, '', 'Elio', 'Politi', 33, 1),
(43, '', 'Flo', 'Paradisi', 34, 1),
(44, '', 'Ron', 'Drysdale', 35, 1),
(45, '', 'Duncan  ', 'MacKenzie', 35, 1),
(46, '', 'Lou', 'Gizzarelli', 36, 1),
(47, '', 'John', 'Barry', 36, 1),
(48, '', 'Greg', 'Dafoe', 37, 1),
(49, '', 'Maria', 'Stojanovic', 38, 1),
(50, '', 'Joyce', 'Lee', 39, 1),
(51, '', 'Frank ', 'Pertl', 40, 1),
(52, '', 'Elva', 'Pertl', 40, 1),
(53, '', 'Patricia', 'Force', 41, 1),
(54, '', 'Victor ', 'Tichy', 42, 1),
(55, '', 'Gabriela', 'Tichy', 42, 1),
(56, '', 'Brian', 'Cuco', 43, 1),
(57, '', 'Marcia  ', 'Ingleton', 43, 1),
(58, '', 'Cliff ', 'Carboneau ', 44, 1),
(59, '', 'Jean', 'Carboneau ', 44, 1),
(60, '', 'Judy', 'Chiarot', 45, 1),
(61, '', 'Paul ', 'Chiarot', 45, 1),
(62, '', 'Jerry ', 'Tvrdy', 46, 1),
(63, '', 'Phyllis', 'Tvrdy', 46, 1),
(64, '', 'Halina', 'Boruta', 47, 1),
(65, '', 'Robert', 'Pilcher', 47, 1),
(66, '', 'Rob ', 'Johnstone', 48, 1),
(67, '', 'Lynn', 'Johnstone', 48, 1),
(68, '', 'Irene ', 'Alfano', 49, 1),
(69, '', 'Robert', 'Alfano', 49, 1),
(70, '', 'Shiley', 'Fisher', 50, 1),
(71, '', 'Ennio ', 'Centurami', 51, 1),
(72, '', 'Pina', 'Centurami', 51, 1),
(73, '', 'Vlasdimir', 'Arsovic', 52, 1),
(74, '', 'Sujames', 'Ma', 53, 1),
(75, '', 'Sujames', 'Ma ', 54, 1),
(76, '', 'Roy', 'Hawley', 55, 1),
(77, '', 'Steven', 'Debicki', 56, 1),
(78, '', 'Dorothy', 'Debicki', 56, 1),
(79, '', 'Mary', 'Morrice', 57, 1),
(80, '', 'George ', 'Morrice', 57, 1),
(81, '', 'John ', 'Ball', 58, 1),
(82, '', 'Shirley', 'Ball', 58, 1),
(83, '', 'Ken', 'Forsyth', 59, 1),
(84, '', 'Herbert ', 'Rakowski', 60, 1),
(85, '', 'Karen', 'Rakowski', 60, 1),
(86, '', 'Andja', 'Vavan', 61, 1),
(87, '', 'Mary', 'Vavan', 61, 1),
(88, '', 'John ', 'Burgess', 62, 1),
(89, '', 'Treva', 'Burgess', 62, 1),
(90, '', 'Janice', 'Sperling', 63, 1),
(91, '', 'Joann', 'Belitski', 64, 1),
(92, '', 'Brenda', 'Becker', 65, 1),
(93, '', 'Mark', 'Silverthorne', 65, 1),
(94, '', 'Carlo', 'DiGiacinto', 66, 1),
(95, '', 'Kimberley', 'Weir', 67, 1),
(96, '', 'Terry Eric', 'Crookshanks', 68, 1),
(97, '', 'Josie', 'O\'Toole', 69, 1),
(98, '', 'John ', 'O\'Toole', 69, 1),
(99, '', 'Christina', 'Mahony', 70, 1),
(100, '', 'Trudy', 'Fichtner', 71, 1),
(101, '', 'Erhard ', 'Fichtner', 71, 1),
(102, '', 'Christine ', 'Latwis', 72, 1),
(103, '', 'Stella', 'Latwis', 72, 1),
(104, '', 'William', 'Kyle', 73, 1),
(105, '', 'Gail', 'Elliot', 74, 1),
(106, '', 'Lorraine', 'Wilson', 75, 1),
(107, '', 'Irene', 'Willsie', 76, 1),
(108, '', 'Gene', 'Conway', 77, 1),
(109, '', 'H', 'Franckiewicz', 78, 1),
(110, '', 'A ', 'Franckiewicz', 78, 1),
(111, '', 'Veronica', 'Barlow', 79, 1),
(112, '', 'Richard ', 'Barlow', 79, 1),
(113, '', 'Mary', 'Kelly', 80, 1),
(114, '', 'Sharon', 'Carey', 81, 1),
(115, '', 'Elvidio', 'Rocci', 82, 1),
(116, '', 'Joanne', 'Perry', 83, 1),
(117, '', 'Thomas ', 'Perry', 83, 1),
(118, '', 'Brian', 'Hennig', 84, 1),
(119, '', 'Gunther', 'Klezok', 85, 1),
(120, '', 'Jane ', 'Klezok', 85, 1),
(121, '', 'Cornelis ', 'Groen', 86, 1),
(122, '', 'Wilma', 'Groen', 86, 1),
(123, '', 'Maureen', 'Brodnicki', 87, 1),
(124, '', 'Frank ', 'Brodnicki', 87, 1),
(125, '', 'Nina', 'Newman', 88, 1),
(126, '', 'Mary', 'Long', 89, 1),
(127, '', 'Christine', 'Wasiuta', 90, 1),
(128, '', 'Cathy', 'Bard', 91, 1),
(129, '', 'Vera', 'Massey', 92, 1),
(130, '', 'Kathleen', 'Fuller', 93, 1),
(131, '', 'Aileen', 'Giacinti', 94, 1),
(132, '', 'Freda', 'Dupuis', 95, 1),
(133, '', 'Larry ', 'Dupuis', 95, 1),
(134, '', 'Barbara', 'Green', 96, 1),
(135, '', 'Hannah', 'Van der Geld', 97, 1),
(136, '', 'Joe ', 'Van der Geld', 97, 1),
(137, '', 'Terry ', 'Trionfi', 98, 1),
(138, '', 'Jean', 'Trionfi', 98, 1),
(139, '', 'Joan ', 'Dowdy', 99, 1),
(140, '', 'Sheila', 'Comeau', 100, 1),
(141, '', 'James', 'Comeau', 100, 1),
(142, '', 'Merrie', 'Calder', 101, 1),
(143, '', 'Bill ', 'Calder', 101, 1),
(144, '', 'Dmitar', 'Rakas', 102, 1),
(145, '', 'Bajic', 'Gvozden', 103, 1),
(146, '', 'Bernie ', 'Davern', 104, 1),
(147, '', 'Edie', 'Davern', 104, 1),
(148, '', 'Melina', 'Parker', 105, 1),
(149, '', 'Robert ', 'Parker', 105, 1),
(150, '', 'Enzo', 'DiDiodato', 106, 1),
(151, '', 'Sophie', 'Wiencis', 107, 1),
(152, '', 'Rubert ', 'Roach', 108, 1),
(153, '', 'Jennifer', 'Roach', 108, 1),
(154, '', 'Debbie', 'Sarkany', 109, 1),
(155, '', 'Maria', 'Trotta', 110, 1),
(156, '', 'Teresa', 'Szypula', 111, 1),
(157, '', 'Claudia', 'Norton', 112, 1),
(158, '', 'Viki', 'Arndt', 113, 1),
(159, '', 'Vanessa', 'McRobert', 114, 1),
(160, '', 'Mary', 'Hudson', 115, 1),
(161, '', 'Jacob ', 'Stach', 116, 1),
(162, '', 'Erna', 'Stach', 116, 1),
(163, '', 'Cryl', 'LeVett', 117, 1),
(164, '', 'Dave ', 'LeVett', 117, 1),
(165, '', 'Olga', 'Boras', 118, 1),
(166, '', 'William', 'Harrison', 119, 1),
(167, '', 'Hendricka M.C.', 'Mans', 120, 1),
(168, '', 'Mickey', 'Takeda', 121, 1),
(169, '', 'Harold ', 'Wagner', 122, 1),
(170, '', 'Lois', 'Wagner', 122, 1),
(171, '', 'Mavis', 'Lawson', 123, 1),
(172, '', 'Louis ', 'Gallant', 123, 1),
(173, '', 'Ann', 'Stevens', 124, 1),
(174, '', 'Edna', 'Kennedy', 125, 1),
(175, '', 'Betty Ann', 'Lane', 126, 1),
(176, '', 'Lillian', 'Salmond', 127, 1),
(177, '', 'Angela', 'Fragonmeni', 128, 1),
(178, '', 'Amy', 'Glazar', 129, 1),
(179, '', 'Fred ', 'Edwards', 130, 1),
(180, '', 'Helen', 'Edwards', 130, 1),
(181, '', 'Thelma', 'Turner', 131, 1),
(182, '', 'Margaret', 'Bailey', 132, 1),
(183, '', 'Margaret', 'King', 133, 1),
(184, '', 'William ', 'King', 133, 1),
(185, '', 'Margaret', 'DeLisle', 134, 1),
(186, '', 'Iris', 'Gudgeon', 135, 1),
(187, '', 'Norman', 'Kelman', 136, 1),
(188, '', 'Marie', 'Gallacher', 137, 1),
(189, '', 'Eddie', 'Gallacher', 137, 1),
(190, '', 'Barbara ', 'Blaguski', 138, 1),
(191, '', 'Bent', 'Thingholm', 138, 1),
(192, '', 'J', 'Gola', 139, 1),
(193, '', 'Edward', 'Gola', 139, 1),
(194, '', 'Boyd', 'Clark', 140, 1),
(195, '', 'John', 'Teal', 141, 1),
(196, '', 'Gina ', 'Teal', 141, 1),
(197, '', 'Margaret', 'Allott', 142, 1),
(198, '', 'May', 'Powell', 143, 1),
(199, '', 'John ', 'Powell', 143, 1),
(200, '', 'Leon ', 'Warner', 144, 1),
(201, '', 'Iva', 'Warner', 144, 1),
(202, '', 'Robert', 'Kulynych', 145, 1),
(203, '', 'Linda', 'Rogal', 146, 1),
(204, '', 'Viesdurs', 'Ridins', 147, 1),
(205, '', 'Anita', 'Bebas', 148, 1),
(206, '', 'Murray', 'McCarthy', 148, 1),
(207, '', 'Ruth', 'Weaymouth', 149, 1),
(208, '', 'William ', 'Hubar', 150, 1),
(209, '', 'Irene', 'Hubar', 150, 1),
(210, '', 'Marie', 'Ballentin', 151, 1),
(211, '', 'Terry ', 'Kane', 152, 1),
(212, '', 'Sharon', 'Kane', 152, 1),
(213, '', 'Sharon', 'Villringer', 153, 1),
(214, '', 'Jim ', 'Kirkwood', 154, 1),
(215, '', 'Judy', 'Kirkwood', 154, 1),
(216, '', 'Lucy', 'Kodousek', 155, 1),
(217, '', 'Sonia', 'Wira', 156, 1),
(218, '', 'Mary Ann  ', 'Lera', 157, 1),
(219, '', 'Bernadette', 'Murphy', 158, 1),
(220, '', 'Ruth', 'Pfeiffer', 159, 1),
(221, '', 'Iuliana ', 'Pfeiffer', 159, 1),
(222, '', 'George ', 'Meszaros', 160, 1),
(223, '', 'Grace', 'Meszaros', 160, 1),
(224, '', 'Pauline', 'Harris', 161, 1),
(225, '', 'Norman ', 'Gibson', 162, 1),
(226, '', 'Florence', 'Gibson', 162, 1),
(227, '', 'Olga', 'Miletic', 163, 1),
(228, '', 'Carolynn', 'Verrecchia', 164, 1),
(229, '', 'Anthony ', 'Verrecchia', 164, 1),
(230, '', 'Janet', 'Lockwood', 165, 1),
(231, '', 'Don', 'Darnley', 166, 1),
(232, '', 'Mike', 'Raia', 167, 1),
(233, '', 'Sandra', 'Ireland', 168, 1),
(234, '', 'Diana', 'Varga', 169, 1),
(235, '', 'Linda', 'Korczak', 170, 1),
(236, '', 'Geoff', 'Silvester', 171, 1),
(237, '', 'Bobbi ', 'Silvester', 171, 1),
(238, '', 'Robert ', 'Gillies', 172, 1),
(239, '', 'Pamela', 'Gillies', 172, 1),
(240, '', 'Richard', 'Dobrucki', 173, 1),
(241, '', 'Mike ', 'Cadieux', 174, 1),
(242, '', 'Beverley', 'Cadieux', 174, 1),
(243, '', 'Patric', 'Fry-Smith', 175, 1),
(244, '', 'Giovanni ', 'Pulcina', 176, 1),
(245, '', 'Nice', 'Pulcina', 176, 1),
(246, '', 'Darlene', 'Johnston', 177, 1),
(247, '', 'LaVerne', 'Brooks', 178, 1),
(248, '', 'Richard', 'Dean', 179, 1),
(249, '', 'Ruby', 'Dean', 179, 1),
(250, '', 'Barb', 'MacDonald', 180, 1),
(251, '', 'Donna', 'McDermott', 180, 1),
(252, '', 'Dorothy', 'Turner', 181, 1),
(253, '', 'Rita', 'Hewitt', 182, 1),
(254, '', 'Leonard', 'Hewitt', 182, 1),
(255, 'Mr.', 'Robert', 'Susnjar', 184, 1),
(256, 'Mr.', 'Rick', 'Calder', 183, 1),
(257, 'Mr.', 'Rick', 'Calder', 185, 1),
(258, 'Mr.', 'Sean', 'Burrows', 186, 1);

-- --------------------------------------------------------

--
-- Table structure for table `photo_galleries`
--

CREATE TABLE `photo_galleries` (
  `galleryId` int(11) NOT NULL,
  `galleryName` varchar(100) NOT NULL,
  `galleryFolderName` varchar(100) NOT NULL,
  `galleryActive` int(11) NOT NULL DEFAULT '1',
  `creationDateTime` datetime NOT NULL
) ENGINE=InnoDB DEFAULT CHARSET=latin1;

--
-- Dumping data for table `photo_galleries`
--

INSERT INTO `photo_galleries` (`galleryId`, `galleryName`, `galleryFolderName`, `galleryActive`, `creationDateTime`) VALUES
(103, 'New Gallery', 'new_gallery', 2, '2013-03-28 07:41:18'),
(105, 'Nostalgia', 'nostalgia', 2, '2013-04-01 09:01:25'),
(106, 'Older Pictures', 'older_pictures', 1, '2013-04-01 09:06:47'),
(107, 'Christmas Party 2012', 'cristmas_party_2012', 1, '2013-06-27 08:30:04'),
(108, 'Ice Cream Social 2012', 'ice_cream_social_2012', 1, '2013-06-27 08:41:28'),
(109, 'Harris Towers', 'harris_towers', 1, '2013-06-27 08:43:15'),
(110, 'Exterior July 2016', 'exterior_july_2016', 1, '2016-07-27 12:50:47'),
(111, 'Night Time Shots', 'night_time_shots', 1, '2017-02-14 20:56:59');

-- --------------------------------------------------------

--
-- Table structure for table `roles`
--

CREATE TABLE `roles` (
  `roleId` int(11) NOT NULL,
  `roleName` varchar(25) NOT NULL,
  `roleKey` varchar(25) NOT NULL,
  `creationDateTime` datetime NOT NULL,
  `updatedDateTime` datetime DEFAULT NULL
) ENGINE=InnoDB DEFAULT CHARSET=latin1;

--
-- Dumping data for table `roles`
--

INSERT INTO `roles` (`roleId`, `roleName`, `roleKey`, `creationDateTime`, `updatedDateTime`) VALUES
(1, 'Basic Admin', 'basic_admin', '2013-01-26 10:26:33', '0000-00-00 00:00:00'),
(2, 'Basic User', 'basic_user', '2013-01-26 10:27:17', '0000-00-00 00:00:00'),
(3, 'Board Member', 'board_member', '2013-03-01 08:43:20', NULL);

-- --------------------------------------------------------

--
-- Table structure for table `users`
--

CREATE TABLE `users` (
  `userId` int(11) NOT NULL,
  `userName` varchar(50) NOT NULL,
  `unitNumber` varchar(15) NOT NULL,
  `building` int(11) NOT NULL,
  `emailAddress` varchar(100) DEFAULT NULL,
  `phone` varchar(50) NOT NULL,
  `mobilePhone` varchar(50) DEFAULT NULL,
  `alternatePhone` varchar(50) DEFAULT NULL,
  `password` varchar(256) NOT NULL,
  `passHash` varchar(512) NOT NULL,
  `active` int(11) NOT NULL DEFAULT '1',
  `creationDateTime` datetime NOT NULL,
  `updatedDateTime` datetime DEFAULT NULL
) ENGINE=InnoDB DEFAULT CHARSET=latin1;

--
-- Dumping data for table `users`
--

INSERT INTO `users` (`userId`, `userName`, `unitNumber`, `building`, `emailAddress`, `phone`, `mobilePhone`, `alternatePhone`, `password`, `passHash`, `active`, `creationDateTime`, `updatedDateTime`) VALUES
(1, '1001-30', '1001', 30, '', '905-561-2759', '', '', '08d9737f1aaaf63b597945f2331e104b60a289bc', '794637', 1, '0000-00-00 00:00:00', '0000-00-00 00:00:00'),
(2, '1001-40', '1001', 40, '', '905-561-2361', '', '', 'f5744d12a750109726cbda22c0c85bdf4e399da0', '631709', 1, '0000-00-00 00:00:00', '0000-00-00 00:00:00'),
(3, '1002-30', '1002', 30, '', '905-388-0447', '', '', '4528a87b3e175d0996e6309a4cb1a55f53c42fd6', '406656', 1, '0000-00-00 00:00:00', '0000-00-00 00:00:00'),
(4, '1002-40', '1002', 40, '', '905-560-1805', '', '', '4457c382834abbeb1a85887b53917eec2dceaba7', '219840', 1, '0000-00-00 00:00:00', '0000-00-00 00:00:00'),
(5, '1003-30', '1003', 30, '', '905-538-4563', '', '', '4421862c88c2f1763c28303a72ce9bcc96371876', '679751', 1, '0000-00-00 00:00:00', '0000-00-00 00:00:00'),
(6, '1003-40', '1003', 40, '', '905-578-0378', '', '', '5d0e7b58f5a8676a12b13cbec4a605389bf30ac0', '874075', 1, '0000-00-00 00:00:00', '0000-00-00 00:00:00'),
(7, '1004-30', '1004', 30, '', '905-578-9678', '', '', '57088de3841900b101262054a7e83049e84c8121', '123402', 1, '0000-00-00 00:00:00', '0000-00-00 00:00:00'),
(8, '1004-40', '1004', 40, '', '905-578-2128', '', '', 'f87b1f8ddb5e724cb8bdf536c5dc6129b00003b7', '553572', 1, '0000-00-00 00:00:00', '0000-00-00 00:00:00'),
(9, '1005-30', '1005', 30, '', '905-561-1090', '', '', '0cd89ce7494ac7bc6d3d2be6df52bf0c5ea2b253', '889039', 1, '0000-00-00 00:00:00', '0000-00-00 00:00:00'),
(10, '1005-40', '1005', 40, '', '905-538-7489', '', '', '45a0179327a2e90b556aa27cd02124afc4a76202', '949417', 1, '0000-00-00 00:00:00', '0000-00-00 00:00:00'),
(11, '1006-30', '1006', 30, '', '905-538-6134', '', '', '8ab968b65937008d2595a6e5674433171199766c', '173442', 1, '0000-00-00 00:00:00', '0000-00-00 00:00:00'),
(12, '1006-40', '1006', 40, 'snoday40@execulink.com', '905-560-8215', '', '', '976eb0bf942c811250901ee84ae6b27b57a38699', '893972', 1, '0000-00-00 00:00:00', '0000-00-00 00:00:00'),
(13, '1007-30', '1007', 30, '', '905-561-5456', '', '', 'c00642f345ebcd6cd7273166d722cba64e0074e8', '540769', 1, '0000-00-00 00:00:00', '0000-00-00 00:00:00'),
(14, '1007-40', '1007', 40, '', '905-560-8544', '', '', '31553ef02ba2ad4a667de611e3853c4a823aadd0', '244873', 1, '0000-00-00 00:00:00', '0000-00-00 00:00:00'),
(15, '1008-30', '1008', 30, 'kidneycarol@sympatico.ca', '905-560-9482', '', '', '76a4af3484980df1730d47f732f6b735175ca782', '951315', 1, '0000-00-00 00:00:00', '0000-00-00 00:00:00'),
(16, '1008-40', '1008', 40, '', '905-560-8544', '', '', '71dcf03ce9ad5010560575622df366bbbbcbf89e', '560275', 1, '0000-00-00 00:00:00', '0000-00-00 00:00:00'),
(17, '101-30', '101', 30, '', '905-578-1662', '', '', 'b68d8908004571f7061d30a1de9bf312352d1ab9', '614739', 1, '0000-00-00 00:00:00', '0000-00-00 00:00:00'),
(18, '101-40', '101', 40, '', '905 538 7616', '', '', '9f84564e6f65d146bd06f380066d8f08004a8116', '784347', 1, '0000-00-00 00:00:00', '0000-00-00 00:00:00'),
(19, '102-30', '102', 30, '', '905-561-7886', '', '', '9389a6c80ccdbe080cacef9aae8b8fda2264ed56', '474493', 1, '0000-00-00 00:00:00', '0000-00-00 00:00:00'),
(20, '102-40', '102', 40, '', '905-561-5392', '', '', '8cebfde00e80432e30186f7ab955f32bb80d7d86', '859208', 1, '0000-00-00 00:00:00', '0000-00-00 00:00:00'),
(21, '103-40', '103', 40, '', '905-385-7515', '', '', 'facda203d80e2f5e896cd51fe17cc8583dbd8da8', '333768', 1, '0000-00-00 00:00:00', '0000-00-00 00:00:00'),
(22, '104-30', '104', 30, '', '905-538-1914', '', '', 'd428de662b1cd06180309fb5c3a8be02e78f7c24', '722545', 1, '0000-00-00 00:00:00', '0000-00-00 00:00:00'),
(23, '104-40', '104', 40, 'elaineandb@hotmail.com', '905 573 0206', '', '', 'd2d06c78e6b44114940de1617404ea1dde834a51', '699525', 1, '0000-00-00 00:00:00', '0000-00-00 00:00:00'),
(24, '105-40', '105', 40, '', '905-531-0727', '', '', '8fb64f6f5c1159d5966d55062b6810193286dbfd', '217503', 1, '0000-00-00 00:00:00', '0000-00-00 00:00:00'),
(25, '106-30', '106', 30, 'bobcat238@yahoo.com', '905-538-2233', '', '', '413c8ed900449461bbf451127dc49ec51ce7cd78', '507251', 1, '0000-00-00 00:00:00', '0000-00-00 00:00:00'),
(26, '106-40', '106', 40, '', '905-561-5835', '', '', '073339ccf2aeeff467984c7ac6790a5ba647b40e', '271315', 1, '0000-00-00 00:00:00', '0000-00-00 00:00:00'),
(27, '107-30', '107', 30, '', '905-538-7727', '', '', 'ace57f790ffca6767cec9691c5597486494b6cfa', '274706', 1, '0000-00-00 00:00:00', '0000-00-00 00:00:00'),
(28, '107-40', '107', 40, 'agmgb@shaw.ca', '905-561-7999', '', '', 'cc6cda36c8639752687e40c6dd9840c75ecbb763', '648113', 1, '0000-00-00 00:00:00', '0000-00-00 00:00:00'),
(29, '108-30', '108', 30, 'harristowers@shaw.ca', '905-538 5180', '', '', '9142d34f603487bb555085abb1b2738322974745', '446968', 1, '0000-00-00 00:00:00', '0000-00-00 00:00:00'),
(30, '108-40', '108', 40, '', '905-560-4331', '', '', 'aeebee37257a75759d7ebd1ad46fb1b1f1c7d628', '706040', 1, '0000-00-00 00:00:00', '0000-00-00 00:00:00'),
(31, '1101-30', '1101', 30, '', '905-578-2900', '', '', '2aadcc6c5429fec6755dad789abf2253a92bf480', '701287', 1, '0000-00-00 00:00:00', '0000-00-00 00:00:00'),
(32, '1101-40', '1101', 40, 'turkovich@sympatico.ca', '905-545-2415', '', '', 'c92274a42a2e1a0dc1436ed312641011d6a7f5aa', '544554', 1, '0000-00-00 00:00:00', '0000-00-00 00:00:00'),
(33, '1102-30', '1102', 30, '', '905-560-4897', '', '', '78682092a1c2ad8ae2ad7736cfb12f206025c5b5', '821711', 1, '0000-00-00 00:00:00', '0000-00-00 00:00:00'),
(34, '1102-40', '1102', 40, '', '905-538-9299', '', '', '7a8dfcf3803f048acb2b8307992fb0619de759fd', '664202', 1, '0000-00-00 00:00:00', '0000-00-00 00:00:00'),
(35, '1103-30', '1103', 30, '', '905-573-9765', '', '', '13cdc67ea68ed4d326823740777c654d7815541a', '222765', 1, '0000-00-00 00:00:00', '0000-00-00 00:00:00'),
(36, '1103-40', '1103', 40, '', '905-561-6507', '', '', 'ac985203da8f143c6f03a4ffa6a39bd30c498fb6', '797545', 1, '0000-00-00 00:00:00', '0000-00-00 00:00:00'),
(37, '1104-30', '1104', 30, '', '905-561-0278', '', '', '42fbdd59495d6950661f53b491aca5f5e5ca395c', '282298', 1, '0000-00-00 00:00:00', '0000-00-00 00:00:00'),
(38, '1104-40', '1104', 40, '', '905-578-2825', '', '', '085e2462a5f6b795dfb91c0c9d40d3bd7c8b1dd8', '155477', 1, '0000-00-00 00:00:00', '0000-00-00 00:00:00'),
(39, '1105-30', '1105', 30, '', '905-578-0268', '', '', '773292d00896febbe74c2c066e2e7c41dad24988', '281238', 1, '0000-00-00 00:00:00', '0000-00-00 00:00:00'),
(40, '1105-40', '1105', 40, '', '905-561-2801', '', '', 'b6bdfe8235ba1c39bf6764f3095dbe87065fd828', '565501', 1, '0000-00-00 00:00:00', '0000-00-00 00:00:00'),
(41, '1106-30', '1106', 30, '', '905-538-0949', '', '', '167033ca85173a82631ce18cb42ca9ee9d205f8b', '210916', 1, '0000-00-00 00:00:00', '0000-00-00 00:00:00'),
(42, '1106-40', '1106', 40, '', '905-561-5795', '', '', 'd9207515e0cdb2153c0ee41f9136e4b5fd87ef93', '162030', 1, '0000-00-00 00:00:00', '0000-00-00 00:00:00'),
(43, '1107-30', '1107', 30, '', '905-538-1138', '', '', '839045056fddeea95ce693719873a0bf1ba2cd18', '599563', 1, '0000-00-00 00:00:00', '0000-00-00 00:00:00'),
(44, '1107-40', '1107', 40, '', '905-538-5255', '', '', '489ab048e45c9252a96dc3bced46f8cc66e50660', '344440', 1, '0000-00-00 00:00:00', '0000-00-00 00:00:00'),
(45, '1108-30', '1108', 30, '', '905-561-8917', '', '', '8b10f1adeaf5d410a91b9012d9eac66c3f4ef82f', '396246', 1, '0000-00-00 00:00:00', '0000-00-00 00:00:00'),
(46, '1108-40', '1108', 40, '', '905-561-1369', '', '', '57dc1620fa9a2e2d6a508bc1b22b7f7299eecd9d', '256352', 1, '0000-00-00 00:00:00', '0000-00-00 00:00:00'),
(47, '1201-40', '1201', 40, '', '905-570-0509', '', '', '423e5b034bc298bb273cc3121ef8db84d6b6f8bf', '674203', 1, '0000-00-00 00:00:00', '0000-00-00 00:00:00'),
(48, '1202-40', '1202', 40, '', '905-573-3412', '', '', '547e5d09a07b5f96c5889ffc67a7761d7fbb4c76', '394315', 1, '0000-00-00 00:00:00', '0000-00-00 00:00:00'),
(49, '1203-40', '1203', 40, '', '905-304-3881', '', '', '7867b595a9e6b6ae1771e046e8a9c8aff453ee9a', '182125', 1, '0000-00-00 00:00:00', '0000-00-00 00:00:00'),
(50, '1204-40', '1204', 40, '', '905-561-3480', '', '', '33bba1af7d75097de732c1a6950e6e2bdbbc18d5', '486644', 1, '0000-00-00 00:00:00', '0000-00-00 00:00:00'),
(51, '1205-40', '1205', 40, '', '905-561-3465', '', '', '7f09580acb7dc9b9ac4315b33dab68fd1d397b17', '340439', 1, '0000-00-00 00:00:00', '0000-00-00 00:00:00'),
(52, '1206-40', '1206', 40, '', '905-538-6909', '', '', 'd88ce576154f27564546239ba19c9b1c49c27521', '515980', 1, '0000-00-00 00:00:00', '0000-00-00 00:00:00'),
(53, '1207-40', '1207', 40, '', '905-561-9485', '', '', 'cb64b8c2d39b71cbc9b7c16b68bf6a4613709e8d', '822882', 1, '0000-00-00 00:00:00', '0000-00-00 00:00:00'),
(54, '1208-40', '1208', 40, '', '905-561-9485', '', '', '275f4ef61dd6796296cb43ad701d0e3c1acd6ff2', '203028', 1, '0000-00-00 00:00:00', '0000-00-00 00:00:00'),
(55, '201-30', '201', 30, '', '905-561-3316', '', '', '6e4413baa8140a9b37264cbcda60e2f421bfb833', '389868', 1, '0000-00-00 00:00:00', '0000-00-00 00:00:00'),
(56, '201-40', '201', 40, '', '905-573-6965', '', '', '8d43a559091dbc0fdf71f28d75ed0a0291f60e19', '752513', 1, '0000-00-00 00:00:00', '0000-00-00 00:00:00'),
(57, '202-30', '202', 30, '', '905-561-4547', '', '', '866a8b674e093d24ae06111375fdf3f58cb1e9ed', '485789', 1, '0000-00-00 00:00:00', '0000-00-00 00:00:00'),
(58, '202-40', '202', 40, 'eball@telus.net', '905-560-1460', '', '', '532668d26d87fc639f433b9821bcfb465f201535', '289887', 1, '0000-00-00 00:00:00', '0000-00-00 00:00:00'),
(59, '203-30', '203', 30, '', '905-578-3469', '', '', 'e1431be2e40cde521d722b9756c6f4f2a7ad5d73', '855906', 1, '0000-00-00 00:00:00', '0000-00-00 00:00:00'),
(60, '203-40', '203', 40, 'herb71@shaw.ca', '905-560-6229', '', '', '5507b76f3a3d5d83c42ee4e904bd9ce42f7c433c', '317749', 1, '0000-00-00 00:00:00', '0000-00-00 00:00:00'),
(61, '204-30', '204', 30, '', '905-547-3970', '', '', 'a13d51d884cfeee66bb4606f561115df665b8bd8', '789808', 1, '0000-00-00 00:00:00', '0000-00-00 00:00:00'),
(62, '204-40', '204', 40, '', '905-538-6381', '', '', 'a8584db6024adac572bb5d52288b67492a80ae7a', '308809', 1, '0000-00-00 00:00:00', '0000-00-00 00:00:00'),
(63, '205-30', '205', 30, '', '905-560-0791', '', '', '8869e29a9cb863cb94018b1346fc11adc8efe322', '492544', 1, '0000-00-00 00:00:00', '0000-00-00 00:00:00'),
(64, '205-40', '205', 40, '', '905-297-8998', '', '', '207b8a49954f8b563c3baa0d8f37cbfdcb81d83f', '923676', 1, '0000-00-00 00:00:00', '0000-00-00 00:00:00'),
(65, '206-30', '206', 30, '', '905-977-8674', '', '', '132fb00bb0f869ad700aa1d294b68e30d6a9e1bf', '480971', 1, '0000-00-00 00:00:00', '0000-00-00 00:00:00'),
(66, '206-40', '206', 40, 'scubalady98@gmail.com', '905-561-2121', '', '', '00756408191c3658d9e495b69078cfe457254c09', '221797', 1, '0000-00-00 00:00:00', '0000-00-00 00:00:00'),
(67, '207-30', '207', 30, '', '905-544-1483', '', '', '5abd263c9cec7fe8735a9a05ec12fdbf2be9a569', '339084', 1, '0000-00-00 00:00:00', '0000-00-00 00:00:00'),
(68, '207-40', '207', 40, '', '905-545-2985', '', '', '1d6a8c8893c1da5ff26cc58158a530a7189d1c80', '871473', 1, '0000-00-00 00:00:00', '0000-00-00 00:00:00'),
(69, '208-30', '208', 30, '', '905-560-9381', '', '', '9306c97d85005a403a49ebd38e5171c24dd19df6', '864783', 1, '0000-00-00 00:00:00', '0000-00-00 00:00:00'),
(70, '208-40', '208', 40, '', '905-561-7214', '', '', '451c942193e6af427e598347e7d2fa22a15c4acc', '282347', 1, '0000-00-00 00:00:00', '0000-00-00 00:00:00'),
(71, '301-30', '301', 30, '', '905-561-7215', '', '', '70fe23ef4018daf8c2b756f4e17e7715f0b51e3f', '422060', 1, '0000-00-00 00:00:00', '0000-00-00 00:00:00'),
(72, '301-40', '301', 40, '', '905-573-1863', '', '', 'c3e2316e8663fb466f506087b55a12a0aa98416f', '233446', 1, '0000-00-00 00:00:00', '0000-00-00 00:00:00'),
(73, '302-30', '302', 30, '', '905-561-8582', '', '', '4d3a5e5ab0e1fd2b66969a71eab9bea30205ff62', '542070', 1, '0000-00-00 00:00:00', '0000-00-00 00:00:00'),
(74, '302-40', '302', 40, 'gailsue.elliot@gmail.com', '905-573-9225', '', '', '3fb768efcf18a09da5a66f0a45d6d6b3229a277e', '458679', 1, '0000-00-00 00:00:00', '0000-00-00 00:00:00'),
(75, '303-30', '303', 30, '', '905-561-8842', '', '', '70e6379bedc19598db30d1de48c35038d6830cbb', '624999', 1, '0000-00-00 00:00:00', '0000-00-00 00:00:00'),
(76, '303-40', '303', 40, '', '905-561-7474', '', '', '48d6b4d385b0b9c364c93b69dd9e104f27e8c5a2', '964645', 1, '0000-00-00 00:00:00', '0000-00-00 00:00:00'),
(77, '304-30', '304', 30, '', '905-538-4765', '', '', '3c5737515b488a6f710731c2272128ed637dab89', '337407', 1, '0000-00-00 00:00:00', '0000-00-00 00:00:00'),
(78, '304-40', '304', 40, '', '905-296-0907', '', '', 'a057e7360f20d3f809aeb1f9d3963fafe27c5c48', '761686', 1, '0000-00-00 00:00:00', '0000-00-00 00:00:00'),
(79, '305-30', '305', 30, '', '905-573-7232', '', '', 'b9600d9a0663374dd600552b32aab398ef5e7519', '987436', 1, '0000-00-00 00:00:00', '0000-00-00 00:00:00'),
(80, '305-40', '305', 40, 'sheilafive@shaw.ca', '905-560-5356', '', '', '458923c2dd61493674b34e20421ca8f98b9b5b8b', '321625', 1, '0000-00-00 00:00:00', '0000-00-00 00:00:00'),
(81, '306-30', '306', 30, '', '905-578-1086', '', '', '393b2ee2f6841de6a97c2d30aa69c68da2f0c32b', '626336', 1, '0000-00-00 00:00:00', '0000-00-00 00:00:00'),
(82, '306-40', '306', 40, '', '905-578-2378', '', '', '9f638bb4aaec6c65490eebf285f5f77d02148863', '678080', 1, '0000-00-00 00:00:00', '0000-00-00 00:00:00'),
(83, '307-30', '307', 30, '', '905-538-3524', '', '', '29c97b5ff89204f3c12a84b6d5af1424397e0831', '912360', 1, '0000-00-00 00:00:00', '0000-00-00 00:00:00'),
(84, '307-40', '307', 40, '', '905-560-3779', '', '', '1abfa61ecbc2d036d99c16a7b9dd9c0d95785b8b', '852591', 1, '0000-00-00 00:00:00', '0000-00-00 00:00:00'),
(85, '308-30', '308', 30, 'jkipp_datageek@hotmail.com', '905-933-0140', '', '', '6e5ddbf5a27d53fe13c6caa89f0ad702bc2d7be1', '358466', 1, '0000-00-00 00:00:00', '0000-00-00 00:00:00'),
(86, '308-40', '308', 40, '', '905-573-8450', '', '', 'abd725536eb9efcf1cdb511848f001aefd5cbde1', '530390', 1, '0000-00-00 00:00:00', '0000-00-00 00:00:00'),
(87, '401-30', '401', 30, '', '905-578-6885', '', '', '702d8cb1d51315d50ecd6f27f307bea21b8af16f', '116875', 1, '0000-00-00 00:00:00', '0000-00-00 00:00:00'),
(88, '401-40', '401', 40, '', '905-578-7608', '', '', '028829a88a53416ef82c4bb683426524b9931bcd', '168388', 1, '0000-00-00 00:00:00', '0000-00-00 00:00:00'),
(89, '402-30', '402', 30, '', '905-561-2595', '', '', '12d92a1af062ca470e3b17a2e7af1cf11c5f2296', '987692', 1, '0000-00-00 00:00:00', '0000-00-00 00:00:00'),
(90, '402-40', '402', 40, '', '905-560-0855', '', '', '5a5bb3495a48e5b345d043fd562c7cf6dd16bb10', '511145', 1, '0000-00-00 00:00:00', '0000-00-00 00:00:00'),
(91, '403-30', '403', 30, '', '905-573-7345', '', '', 'e8691abecef4c405927a667c3a3b899113131538', '893070', 1, '0000-00-00 00:00:00', '0000-00-00 00:00:00'),
(92, '403-40', '403', 40, '', '905-561-9417', '', '', '171756ddaea47b1219425fa393b297f786f33f35', '969725', 1, '0000-00-00 00:00:00', '0000-00-00 00:00:00'),
(93, '404-30', '404', 30, '', '905-538-9242', '', '', '0042870dbeb3d69c5e458529f8a15e9d94cd23fe', '600446', 1, '0000-00-00 00:00:00', '0000-00-00 00:00:00'),
(94, '404-40', '404', 40, '', '905-560-9458', '', '', '67335a3c14877bb221769552bad01067b235773b', '245723', 1, '0000-00-00 00:00:00', '0000-00-00 00:00:00'),
(95, '405-30', '405', 30, '', '905-560-8498', '', '', '828bb07c7cb20345d07341a9a67070bb75fbbc02', '491705', 1, '0000-00-00 00:00:00', '0000-00-00 00:00:00'),
(96, '405-40', '405', 40, 'barbaragreen@shaw.ca', '905-560-0708', '', '', '04d95ba869c45906e1ea5426646c0024b01e81d2', '822772', 1, '0000-00-00 00:00:00', '0000-00-00 00:00:00'),
(97, '406-30', '406', 30, '', '905-575-1369', '', '', '481ea9bb0edeea8b3036114a38224faff838c4ee', '578098', 1, '0000-00-00 00:00:00', '0000-00-00 00:00:00'),
(98, '406-40', '406', 40, '', '905-560-2563', '', '', '8f3ce886d898431ebd093bf18e65bbb0f0e50efa', '787643', 1, '0000-00-00 00:00:00', '0000-00-00 00:00:00'),
(99, '407-30', '407', 30, '', '905-561-2544', '', '', '4f5212ddc177043f651ec081e8f13c986fd3c05c', '554337', 1, '0000-00-00 00:00:00', '0000-00-00 00:00:00'),
(100, '407-40', '407', 40, '', '905-560-0122', '', '', '1c541a0266714e15ddc6739f9a95853f25eb7e4a', '252714', 1, '0000-00-00 00:00:00', '0000-00-00 00:00:00'),
(101, '408-30', '408', 30, 'calder408@gmail.com', '905 538-6060', '', '', 'a337ed642b7bc77215005636ab127eb09ddd9e35', '378013', 1, '0000-00-00 00:00:00', '0000-00-00 00:00:00'),
(102, '408-40', '408', 40, '', '905-538-9150', '', '', '05fc66a3c76d5bbc72959e59a8d448fdff7b6db7', '288195', 1, '0000-00-00 00:00:00', '0000-00-00 00:00:00'),
(103, '501-30', '501', 30, '', '905-578-3162', '', '', '5938352502487434ed453de7e562229e0e3ac123', '799565', 1, '0000-00-00 00:00:00', '0000-00-00 00:00:00'),
(104, '501-40', '501', 40, 'mrberniel@hotmail.com', '905-560-4369', '', '', '651fe15cac6744156ff173f7c86bcd08b7387b8e', '587564', 1, '0000-00-00 00:00:00', '0000-00-00 00:00:00'),
(105, '502-30', '502', 30, '', '905-560-1883', '', '', 'dc6c32e04a175ba9324478176fd5da9884672106', '358067', 1, '0000-00-00 00:00:00', '0000-00-00 00:00:00'),
(106, '502-40', '502', 40, '', '905-561-4527', '', '', 'c5f84b6dd2850d85a364bc9ed55cfcc574f70229', '656026', 1, '0000-00-00 00:00:00', '0000-00-00 00:00:00'),
(107, '503-30', '503', 30, '', '905-573-7273', '', '', 'b929c20be237561a4d681400a6bad6481947b453', '225892', 1, '0000-00-00 00:00:00', '0000-00-00 00:00:00'),
(108, '503-40', '503', 40, '', '905-304-6054', '', '', 'f78f9e174e49beae5db2cb80175046208b62d520', '411619', 1, '0000-00-00 00:00:00', '0000-00-00 00:00:00'),
(109, '504-30', '504', 30, '', '905-389-7240', '', '', '923c6b957d8d9f48428b0ce19933c3439441cb0d', '915030', 1, '0000-00-00 00:00:00', '0000-00-00 00:00:00'),
(110, '504-40', '504', 40, '', '905-573-0427', '', '', 'b0ba794cde328429c4024cc52d423f867938430c', '646392', 1, '0000-00-00 00:00:00', '0000-00-00 00:00:00'),
(111, '505-30', '505', 30, '', '905-560-2064', '', '', '747e39f3aa7f0d9a2828f3c0ffdac3e00dd5aaf0', '725809', 1, '0000-00-00 00:00:00', '0000-00-00 00:00:00'),
(112, '505-40', '505', 40, 'nursenorton3@hotmail.com', '905-578-5732', '', '', '5bacc811b457386103a2b24383a42953d2c78773', '294891', 1, '0000-00-00 00:00:00', '0000-00-00 00:00:00'),
(113, '506-30', '506', 30, '', '905-573-6699', '', '', '0d1e90c6d81a41c9bd2dc917092523ee58287a34', '482601', 1, '0000-00-00 00:00:00', '0000-00-00 00:00:00'),
(114, '506-40', '506', 40, '', '905-578-3263', '', '', '0d499ecbb7f988b4fdc8f5dc6d1e4f55b9cb22ca', '322947', 1, '0000-00-00 00:00:00', '0000-00-00 00:00:00'),
(115, '507-30', '507', 30, '', '905-560-3375', '', '', '9fbaa538cf57abcf907cb72471c53096cbd83641', '562413', 1, '0000-00-00 00:00:00', '0000-00-00 00:00:00'),
(116, '507-40', '507', 40, '', '905-560-0199', '', '', '388f8a95702ba9962f8d95f7fdbfcd6012d11674', '755529', 1, '0000-00-00 00:00:00', '0000-00-00 00:00:00'),
(117, '508-30', '508', 30, '', '905-578-1183', '', '', 'f4baea5ff12d1099a4158d620fbba4929eb5c579', '883761', 1, '0000-00-00 00:00:00', '0000-00-00 00:00:00'),
(118, '508-40', '508', 40, '', '905-561-7646', '', '', '652bd2895fd147f85bff02fdfd34a54b9408debd', '460069', 1, '0000-00-00 00:00:00', '0000-00-00 00:00:00'),
(119, '601-30', '601', 30, '', '905-578-2586', '', '', '103690ccb5afd8fbfde9fc1f0923e6f46a40ee0a', '561527', 1, '0000-00-00 00:00:00', '0000-00-00 00:00:00'),
(120, '601-40', '601', 40, '', '905-538-4286', '', '', 'ea79289693df4c496714ca0d6397b98102d06cad', '313515', 1, '0000-00-00 00:00:00', '0000-00-00 00:00:00'),
(121, '602-30', '602', 30, '', '905-573-6297', '', '', 'eda17a30ea368263e9b0cff47d9fc1e5203cfdd4', '222331', 1, '0000-00-00 00:00:00', '0000-00-00 00:00:00'),
(122, '602-40', '602', 40, '', '905-560-4414', '', '', '10af6b86da40cd5fdc100836f559e6055a487984', '782185', 1, '0000-00-00 00:00:00', '0000-00-00 00:00:00'),
(123, '603-30', '603', 30, '', '905-560-8194', '', '', 'bafec06f2a8ef80d6dd7c91976134d44e2713450', '936907', 1, '0000-00-00 00:00:00', '0000-00-00 00:00:00'),
(124, '603-40', '603', 40, '', '905 575 1764', '', '', '478f05d9daf260996abc17929e1e6003c8f9b544', '428774', 1, '0000-00-00 00:00:00', '0000-00-00 00:00:00'),
(125, '604-30', '604', 30, 'emkennedy@shaw.ca', '905-389-8155', '', '', '5d8ed0c59d1520d10b6ba14adc2fb1ad92466166', '161926', 1, '0000-00-00 00:00:00', '0000-00-00 00:00:00'),
(126, '604-40', '604', 40, '', '289-755-0025', '', '', '6e5b57ed7f9a952f8d2afb06bae8242361e1dbee', '376342', 1, '0000-00-00 00:00:00', '0000-00-00 00:00:00'),
(127, '605-30', '605', 30, '', '905-561-7479', '', '', '8260a1e7e869e703e31f4a3f2ce3c0820fb32c78', '269688', 1, '0000-00-00 00:00:00', '0000-00-00 00:00:00'),
(128, '605-40', '605', 40, '', '905-383-3773', '', '', 'e6fcaa0fadae7ce431386a0693a28a8a3bae6c33', '582965', 1, '0000-00-00 00:00:00', '0000-00-00 00:00:00'),
(129, '606-30', '606', 30, 'wglazer@shaw.ca', '905-578-1485', '', '', '9e1ea4ba39ed0b1b3fd4323603b31d807183ed94', '480358', 1, '0000-00-00 00:00:00', '0000-00-00 00:00:00'),
(130, '606-40', '606', 40, 'fedwards4@shaw.ca', '905-561-7908', '', '', 'e62f27344d5eab5348f806265b71f93e5f44a425', '245447', 1, '0000-00-00 00:00:00', '0000-00-00 00:00:00'),
(131, '607-30', '607', 30, '', '905 538 7434', '', '', '2eb2fd99d9cb6d0f16a3724ac15864f100ff9d3f', '213488', 1, '0000-00-00 00:00:00', '0000-00-00 00:00:00'),
(132, '607-40', '607', 40, '', '905-578-1316', '', '', 'aab400f6ee8021822ae2afbfcc1f7998d4abd557', '118162', 1, '0000-00-00 00:00:00', '0000-00-00 00:00:00'),
(133, '608-30', '608', 30, 'w.king@shaw.ca', '905-549-6409', '', '', '0ad492b02193e573aab98b6931278f5f666beaba', '115345', 1, '0000-00-00 00:00:00', '0000-00-00 00:00:00'),
(134, '608-40', '608', 40, '', '905-561-7140', '', '', '92de7dc7e19b1fdf36b90eeb08cd0f5718b4c695', '640886', 1, '0000-00-00 00:00:00', '0000-00-00 00:00:00'),
(135, '701-30', '701', 30, '', '905-560-0250', '', '', 'ab47ae3e5297c7e3b4cf888ae0995f209f11f876', '608107', 1, '0000-00-00 00:00:00', '0000-00-00 00:00:00'),
(136, '701-40', '701', 40, '', '905-573-9777', '', '', 'c51255ccafea421cdc46491e38aaa35d6bbdf0b4', '810130', 1, '0000-00-00 00:00:00', '0000-00-00 00:00:00'),
(137, '702-30', '702', 30, '', '905-538-6983', '', '', '469a3b487748bab905c420eb5f2d5117ba02c3d1', '782556', 1, '0000-00-00 00:00:00', '0000-00-00 00:00:00'),
(138, '702-40', '702', 40, '', '905-561-5381', '', '', '9a7d76d3a8417fe457296fe776c25aaa6a006f68', '704475', 1, '0000-00-00 00:00:00', '0000-00-00 00:00:00'),
(139, '703-30', '703', 30, '', '905-578-0871', '', '', '96b9ddc158df49970de2a2363d2f8b41515f1732', '331428', 1, '0000-00-00 00:00:00', '0000-00-00 00:00:00'),
(140, '703-40', '703', 40, 'boyd.clark@shaw.ca', '905-561-4488', '', '', '3aa703e8c9368f88d9def764290a0c01a17f4588', '936083', 1, '0000-00-00 00:00:00', '0000-00-00 00:00:00'),
(141, '704-30', '704', 30, '', '905-297-9098', '', '', '6429dc6e97eda216fcd4a685a62bffd510245711', '979967', 1, '0000-00-00 00:00:00', '0000-00-00 00:00:00'),
(142, '704-40', '704', 40, '', '905-560-5378', '', '', 'b6c15e40058667912db1e055619d06002d4544e5', '368150', 1, '0000-00-00 00:00:00', '0000-00-00 00:00:00'),
(143, '705-30', '705', 30, '', '905-560-8013', '', '', '2ce9d6ad4af8c5d4f72b4d6fb438aa4a016dd26a', '845590', 1, '0000-00-00 00:00:00', '0000-00-00 00:00:00'),
(144, '705-40', '705', 40, '', '905-573-3261', '', '', '89a53c279d088d2427048e7093fb5a8911152034', '769358', 1, '0000-00-00 00:00:00', '0000-00-00 00:00:00'),
(145, '706-30', '706', 30, '', '905-561-0850', '', '', '5a9efcb551435f570a785e0842ebd7f269ed1916', '240720', 1, '0000-00-00 00:00:00', '0000-00-00 00:00:00'),
(146, '706-40', '706', 40, '', '905-578-6420', '', '', '2d4d0a3a941e7b8cff21064f7267b65ff0325c01', '996387', 1, '0000-00-00 00:00:00', '0000-00-00 00:00:00'),
(147, '707-30', '707', 30, '', '905-573-6793', '', '', 'b7d1c36b219dbf034306b7bf7e5fc79e676dadb0', '851487', 1, '0000-00-00 00:00:00', '0000-00-00 00:00:00'),
(148, '707-40', '707', 40, '', '905-561-9628', '', '', 'ee7dcb570ebc1b16de19f7f66bb3a1e8d67e9d43', '418255', 1, '0000-00-00 00:00:00', '0000-00-00 00:00:00'),
(149, '708-30', '708', 30, '', '905-560-2041', '', '', 'fcbea39ea88c600a715e3fe1486ccbe52b617333', '752514', 1, '0000-00-00 00:00:00', '0000-00-00 00:00:00'),
(150, '708-40', '708', 40, '', '905-560-6658', '', '', 'f08b37349b09b0ea32ed16f106a015a193980fe9', '286742', 1, '0000-00-00 00:00:00', '0000-00-00 00:00:00'),
(151, '801-30', '801', 30, '', '905-561-1756', '', '', 'c48e200ca8dff40f491c6f9dd0eecbde9495b9c5', '924239', 1, '0000-00-00 00:00:00', '0000-00-00 00:00:00'),
(152, '801-40', '801', 40, '', '905-578-2451', '', '', '714cb10121404284084c6fe16b321f3cfe2aabe2', '685212', 1, '0000-00-00 00:00:00', '0000-00-00 00:00:00'),
(153, '802-30', '802', 30, '', '905-538-7257', '', '', '300116630833f74fa50ab0f592fe040d691c7a6c', '441007', 1, '0000-00-00 00:00:00', '0000-00-00 00:00:00'),
(154, '802-40', '802', 40, '', '905-578-0278', '', '', '1e30de0ec0565f306d2c011037afdc4390dbdbc7', '243423', 1, '0000-00-00 00:00:00', '0000-00-00 00:00:00'),
(155, '803-30', '803', 30, '', '905-560-2480', '', '', '51303806c6d8262e1702e3f8ea0d9af1c4294fb6', '404611', 1, '0000-00-00 00:00:00', '0000-00-00 00:00:00'),
(156, '803-40', '803', 40, 'sonis_wira_home@live.com', '289-755-3641', '', '', 'bba2aabc7efaa57a9ee5c38877dfb7ea605ec87a', '865473', 1, '0000-00-00 00:00:00', '0000-00-00 00:00:00'),
(157, '804-30', '804', 30, '', '905-537-2444', '', '', '9bf75408b7a9ab08d87a4049885dc7e87f88ddf1', '615578', 1, '0000-00-00 00:00:00', '0000-00-00 00:00:00'),
(158, '804-40', '804', 40, '', '905-560-4085', '', '', '5cc1c3a50c9a748dc4525a44f50ad2f29093cf82', '294158', 1, '0000-00-00 00:00:00', '0000-00-00 00:00:00'),
(159, '805-30', '805', 30, '', '905-578-3169', '', '', '2147cc83354cbca97f0c4c87dbccfd8ed718acd3', '449490', 1, '0000-00-00 00:00:00', '0000-00-00 00:00:00'),
(160, '805-40', '805', 40, '', '905-573-9977', '', '', 'c8f5ba30d9b54734c70654419fe87acc79b84fb7', '643849', 1, '0000-00-00 00:00:00', '0000-00-00 00:00:00'),
(161, '806-30', '806', 30, '', '905-578-1870', '', '', '17b8356dc8b648a35df97d2f19d6752bd7685623', '239634', 1, '0000-00-00 00:00:00', '0000-00-00 00:00:00'),
(162, '806-40', '806', 40, '', '905-560-4038', '', '', 'e1a88f4b1102b5a2e62785e00623d7c844b68781', '627767', 1, '0000-00-00 00:00:00', '0000-00-00 00:00:00'),
(163, '807-30', '807', 30, '', '905573-8093 ', '', '807-0605', '6077097c272232dab306f84cc1e2d5866fd24650', '344426', 1, '0000-00-00 00:00:00', '0000-00-00 00:00:00'),
(164, '807-40', '807', 40, '', '905-573-6731', '', '', '55e801d1d4f803879a3ff38ba31004086912a546', '376035', 1, '0000-00-00 00:00:00', '0000-00-00 00:00:00'),
(165, '808-30', '808', 30, '', '905-560-4390', '', '', '1ec29a1e2f041765abef05986b19a52c95574ad6', '689453', 1, '0000-00-00 00:00:00', '0000-00-00 00:00:00'),
(166, '808-40', '808', 40, '', '905-538-1799', '', '', '3c0ca2656834a08538d7dd188f2c453a84b64dd4', '692506', 1, '0000-00-00 00:00:00', '0000-00-00 00:00:00'),
(167, '901-30', '901', 30, '', '905-538-8118', '', '', '94f6964857062b2922a1194112ff3226a7635e4d', '540485', 1, '0000-00-00 00:00:00', '0000-00-00 00:00:00'),
(168, '901-40', '901', 40, '', '905-578-2806', '', '', 'f3ca682411d3248da43148ffb3fb2271e84d444e', '893913', 1, '0000-00-00 00:00:00', '0000-00-00 00:00:00'),
(169, '902-30', '902', 30, '', '905-560-1295', '', '', 'c8af2b69d878699330ddee7f046113b368327a12', '533539', 1, '0000-00-00 00:00:00', '0000-00-00 00:00:00'),
(170, '902-40', '902', 40, '', '905-538-4627', '', '', '40365d7ff6a8325733bb629f5eb792b2fb4de837', '306108', 1, '0000-00-00 00:00:00', '0000-00-00 00:00:00'),
(171, '903-30', '903', 30, 'bobbisilvester2000@yahoo.com', '905-560-1361', '', '', 'ad1ea42f21faa0c62779ebfac2aaa75dbf13a838', '682571', 1, '0000-00-00 00:00:00', '0000-00-00 00:00:00'),
(172, '903-40', '903', 40, '', '905-573-8805', '', '', '44c8df6dd4bbff306efd9cdc6ffc9bdd6fa03267', '964510', 1, '0000-00-00 00:00:00', '0000-00-00 00:00:00'),
(173, '904-30', '904', 30, '', '905-561-8505', '', '', '8c7179758a3e2160c33f4a27eb5df0babf87ec40', '977272', 1, '0000-00-00 00:00:00', '0000-00-00 00:00:00'),
(174, '904-40', '904', 40, '', '905 531 0275', '', '', 'f20943ed7b278bbea31216c94e025badfcbf731f', '128781', 1, '0000-00-00 00:00:00', '0000-00-00 00:00:00'),
(175, '905-30', '905', 30, '', '289-244-4911', '', '', '91116f5b699b3e53fe9e0d69b343b69163ab04ef', '405015', 1, '0000-00-00 00:00:00', '0000-00-00 00:00:00'),
(176, '905-40', '905', 40, '', '905-561-7809', '', '', '24cb084c3626cf9b532bc67942411ee12c6bf87e', '781172', 1, '0000-00-00 00:00:00', '0000-00-00 00:00:00'),
(177, '906-30', '906', 30, '', '905-561-7798', '', '', '3d0306b25ad87921e51d02988ddf393ef33f8d99', '726809', 1, '0000-00-00 00:00:00', '0000-00-00 00:00:00'),
(178, '906-40', '906', 40, '', '905-692-1641', '', '', 'be603a615c442d6e553d69ed43a147cb076b5145', '186899', 1, '0000-00-00 00:00:00', '0000-00-00 00:00:00'),
(179, '907-30', '907', 30, '', '905-560-4846', '', '', 'bb12df5fc2e89e2d2c5a5281336e3ec319f5e19d', '859674', 1, '0000-00-00 00:00:00', '0000-00-00 00:00:00'),
(180, '907-40', '907', 40, '', '905-560-9014', '', '', 'b433f57545743494706fdcea0c05ae0146f90267', '830359', 1, '0000-00-00 00:00:00', '0000-00-00 00:00:00'),
(181, '908-30', '908', 30, '', '905-549-5658', '', '', 'c2f3a6f845bcb95a1fe4bc242327377ba2b328d0', '478442', 1, '0000-00-00 00:00:00', '0000-00-00 00:00:00'),
(182, '908-40', '908', 40, '', '905-560-4799', '', '', 'eb834b2e78635b46f6b8fb6217fda0353e56240c', '994270', 1, '0000-00-00 00:00:00', '0000-00-00 00:00:00'),
(183, '999-99', '999', 99, 'rick@calderonline.com', '905-515-4951', '905-515-4951', '', '6b9e0625ce80d1c2e5980fd6cc3f6c897ed3470b', '', 1, '2013-03-01 09:12:45', NULL),
(184, 'Larlyn', '5555', 30, 'rsusnjar@larlyn.com', '905-333-0755 Ext 420', '', '', '53a2a5c17be3d427534269dccbb9e06a275659b9', 'Harris_1', 1, '2013-03-23 07:03:19', NULL),
(185, '989-40', '989', 30, '', '9999999999', '', '', 'ac250e4a00ff3144ae7689f0d23e8b26d06aa929', 'testing1', 1, '2017-11-15 09:27:26', NULL),
(186, 'Manager', '899', 30, '', '9053330755', '', '', '13800272d7a85c03409344e8e130d16ae2dc138f', 'precision', 1, '2018-02-14 18:18:13', NULL);

-- --------------------------------------------------------

--
-- Table structure for table `user_messages`
--

CREATE TABLE `user_messages` (
  `userMessageId` int(11) NOT NULL,
  `messageId` int(11) NOT NULL,
  `senderId` int(11) NOT NULL,
  `recipientId` int(11) NOT NULL,
  `read` int(11) NOT NULL,
  `active` int(11) NOT NULL DEFAULT '1'
) ENGINE=InnoDB DEFAULT CHARSET=latin1;

-- --------------------------------------------------------

--
-- Table structure for table `user_roles`
--

CREATE TABLE `user_roles` (
  `userRoleId` int(11) NOT NULL,
  `userId` int(11) NOT NULL,
  `roleId` int(11) NOT NULL
) ENGINE=InnoDB DEFAULT CHARSET=latin1;

--
-- Dumping data for table `user_roles`
--

INSERT INTO `user_roles` (`userRoleId`, `userId`, `roleId`) VALUES
(1, 2, 2),
(2, 3, 2),
(3, 4, 2),
(4, 5, 2),
(5, 6, 2),
(6, 7, 2),
(7, 8, 2),
(8, 9, 2),
(9, 10, 2),
(10, 11, 2),
(11, 12, 2),
(12, 13, 2),
(13, 14, 2),
(14, 15, 2),
(15, 16, 2),
(16, 17, 2),
(17, 18, 2),
(18, 19, 2),
(19, 20, 2),
(20, 21, 2),
(21, 22, 2),
(22, 23, 2),
(23, 24, 2),
(24, 25, 2),
(25, 26, 2),
(26, 27, 2),
(27, 28, 2),
(28, 29, 2),
(29, 30, 2),
(30, 31, 2),
(31, 32, 2),
(32, 33, 2),
(33, 34, 2),
(34, 35, 2),
(35, 36, 2),
(36, 37, 2),
(37, 38, 2),
(38, 39, 2),
(39, 40, 2),
(40, 41, 2),
(41, 42, 2),
(42, 43, 2),
(43, 44, 2),
(44, 45, 2),
(45, 46, 2),
(46, 47, 2),
(47, 48, 2),
(48, 49, 2),
(49, 50, 2),
(50, 51, 2),
(51, 52, 2),
(52, 53, 2),
(53, 54, 2),
(54, 55, 2),
(55, 56, 2),
(56, 57, 2),
(57, 58, 2),
(58, 59, 2),
(59, 60, 2),
(60, 61, 2),
(61, 62, 2),
(62, 63, 2),
(63, 64, 2),
(64, 65, 2),
(65, 66, 2),
(66, 67, 2),
(67, 68, 2),
(68, 69, 2),
(69, 70, 2),
(70, 71, 2),
(71, 72, 2),
(72, 73, 2),
(73, 74, 2),
(74, 75, 2),
(75, 76, 2),
(76, 77, 2),
(77, 78, 2),
(78, 79, 2),
(79, 80, 2),
(80, 81, 2),
(81, 82, 2),
(82, 83, 2),
(83, 84, 2),
(84, 85, 2),
(85, 86, 2),
(86, 87, 2),
(87, 88, 2),
(88, 89, 2),
(89, 90, 2),
(90, 91, 2),
(91, 92, 2),
(92, 93, 2),
(93, 94, 2),
(94, 95, 2),
(95, 96, 2),
(96, 97, 2),
(97, 98, 2),
(98, 99, 2),
(99, 100, 2),
(101, 102, 2),
(102, 103, 2),
(103, 104, 2),
(104, 105, 2),
(105, 106, 2),
(106, 107, 2),
(107, 108, 2),
(108, 109, 2),
(109, 110, 2),
(110, 111, 2),
(111, 112, 2),
(112, 113, 2),
(113, 114, 2),
(114, 115, 2),
(115, 116, 2),
(116, 117, 2),
(117, 118, 2),
(118, 119, 2),
(119, 120, 2),
(120, 121, 2),
(121, 122, 2),
(122, 123, 2),
(123, 124, 2),
(124, 125, 2),
(125, 126, 2),
(126, 127, 2),
(127, 128, 2),
(128, 129, 2),
(129, 130, 2),
(130, 131, 2),
(131, 132, 2),
(132, 133, 2),
(133, 134, 2),
(134, 135, 2),
(135, 136, 2),
(136, 137, 2),
(137, 138, 2),
(138, 139, 2),
(139, 140, 2),
(140, 141, 2),
(141, 142, 2),
(142, 143, 2),
(143, 144, 2),
(144, 145, 2),
(145, 146, 2),
(146, 147, 2),
(147, 148, 2),
(148, 149, 2),
(149, 150, 2),
(150, 151, 2),
(151, 152, 2),
(152, 153, 2),
(153, 154, 2),
(154, 155, 2),
(155, 156, 2),
(156, 157, 2),
(157, 158, 2),
(158, 159, 2),
(159, 160, 2),
(160, 161, 2),
(161, 162, 2),
(162, 163, 2),
(163, 164, 2),
(164, 165, 2),
(165, 166, 2),
(166, 167, 2),
(167, 168, 2),
(168, 169, 2),
(169, 170, 2),
(170, 171, 2),
(171, 172, 2),
(172, 173, 2),
(173, 174, 2),
(174, 175, 2),
(175, 176, 2),
(176, 177, 2),
(177, 178, 2),
(178, 179, 2),
(179, 180, 2),
(180, 181, 2),
(181, 182, 2),
(182, 183, 1),
(256, 101, 1),
(257, 1, 2),
(258, 29, 1),
(261, 184, 2),
(262, 185, 2),
(263, 186, 2);

--
-- Indexes for dumped tables
--

--
-- Indexes for table `addresses`
--
ALTER TABLE `addresses`
  ADD PRIMARY KEY (`addressId`);

--
-- Indexes for table `advertisements`
--
ALTER TABLE `advertisements`
  ADD PRIMARY KEY (`adId`),
  ADD KEY `adType` (`adTypeId`),
  ADD KEY `createdBy` (`createdBy`);

--
-- Indexes for table `ad_types`
--
ALTER TABLE `ad_types`
  ADD PRIMARY KEY (`adTypeId`);

--
-- Indexes for table `announcements`
--
ALTER TABLE `announcements`
  ADD PRIMARY KEY (`announcementId`);

--
-- Indexes for table `board`
--
ALTER TABLE `board`
  ADD PRIMARY KEY (`boardId`);

--
-- Indexes for table `contractors`
--
ALTER TABLE `contractors`
  ADD PRIMARY KEY (`contractorId`);

--
-- Indexes for table `contractor_types`
--
ALTER TABLE `contractor_types`
  ADD PRIMARY KEY (`contractorTypeId`);

--
-- Indexes for table `events`
--
ALTER TABLE `events`
  ADD PRIMARY KEY (`eventId`);

--
-- Indexes for table `gallery_images`
--
ALTER TABLE `gallery_images`
  ADD PRIMARY KEY (`galleryImageId`),
  ADD KEY `galleryId` (`galleryId`);

--
-- Indexes for table `harris_sess`
--
ALTER TABLE `harris_sess`
  ADD PRIMARY KEY (`session_id`),
  ADD KEY `last_activity_idx` (`last_activity`);

--
-- Indexes for table `messages`
--
ALTER TABLE `messages`
  ADD PRIMARY KEY (`messageId`);

--
-- Indexes for table `newsletters`
--
ALTER TABLE `newsletters`
  ADD PRIMARY KEY (`newsletterId`);

--
-- Indexes for table `people`
--
ALTER TABLE `people`
  ADD PRIMARY KEY (`personId`),
  ADD KEY `userId` (`userId`);

--
-- Indexes for table `photo_galleries`
--
ALTER TABLE `photo_galleries`
  ADD PRIMARY KEY (`galleryId`);

--
-- Indexes for table `roles`
--
ALTER TABLE `roles`
  ADD PRIMARY KEY (`roleId`);

--
-- Indexes for table `users`
--
ALTER TABLE `users`
  ADD PRIMARY KEY (`userId`);

--
-- Indexes for table `user_messages`
--
ALTER TABLE `user_messages`
  ADD PRIMARY KEY (`userMessageId`),
  ADD KEY `messageId` (`messageId`),
  ADD KEY `senderId` (`senderId`),
  ADD KEY `recipientId` (`recipientId`);

--
-- Indexes for table `user_roles`
--
ALTER TABLE `user_roles`
  ADD PRIMARY KEY (`userRoleId`),
  ADD KEY `userId` (`userId`),
  ADD KEY `roleId` (`roleId`);

--
-- AUTO_INCREMENT for dumped tables
--

--
-- AUTO_INCREMENT for table `addresses`
--
ALTER TABLE `addresses`
  MODIFY `addressId` int(11) NOT NULL AUTO_INCREMENT, AUTO_INCREMENT=3;

--
-- AUTO_INCREMENT for table `advertisements`
--
ALTER TABLE `advertisements`
  MODIFY `adId` int(11) NOT NULL AUTO_INCREMENT, AUTO_INCREMENT=26;

--
-- AUTO_INCREMENT for table `ad_types`
--
ALTER TABLE `ad_types`
  MODIFY `adTypeId` int(11) NOT NULL AUTO_INCREMENT, AUTO_INCREMENT=5;

--
-- AUTO_INCREMENT for table `announcements`
--
ALTER TABLE `announcements`
  MODIFY `announcementId` int(11) NOT NULL AUTO_INCREMENT, AUTO_INCREMENT=33;

--
-- AUTO_INCREMENT for table `board`
--
ALTER TABLE `board`
  MODIFY `boardId` int(11) NOT NULL AUTO_INCREMENT, AUTO_INCREMENT=14;

--
-- AUTO_INCREMENT for table `contractors`
--
ALTER TABLE `contractors`
  MODIFY `contractorId` int(11) NOT NULL AUTO_INCREMENT, AUTO_INCREMENT=31;

--
-- AUTO_INCREMENT for table `contractor_types`
--
ALTER TABLE `contractor_types`
  MODIFY `contractorTypeId` int(11) NOT NULL AUTO_INCREMENT, AUTO_INCREMENT=9;

--
-- AUTO_INCREMENT for table `events`
--
ALTER TABLE `events`
  MODIFY `eventId` int(11) NOT NULL AUTO_INCREMENT, AUTO_INCREMENT=162;

--
-- AUTO_INCREMENT for table `gallery_images`
--
ALTER TABLE `gallery_images`
  MODIFY `galleryImageId` int(11) NOT NULL AUTO_INCREMENT, AUTO_INCREMENT=163;

--
-- AUTO_INCREMENT for table `messages`
--
ALTER TABLE `messages`
  MODIFY `messageId` int(11) NOT NULL AUTO_INCREMENT;

--
-- AUTO_INCREMENT for table `newsletters`
--
ALTER TABLE `newsletters`
  MODIFY `newsletterId` int(11) NOT NULL AUTO_INCREMENT, AUTO_INCREMENT=41;

--
-- AUTO_INCREMENT for table `people`
--
ALTER TABLE `people`
  MODIFY `personId` int(11) NOT NULL AUTO_INCREMENT, AUTO_INCREMENT=259;

--
-- AUTO_INCREMENT for table `photo_galleries`
--
ALTER TABLE `photo_galleries`
  MODIFY `galleryId` int(11) NOT NULL AUTO_INCREMENT, AUTO_INCREMENT=112;

--
-- AUTO_INCREMENT for table `roles`
--
ALTER TABLE `roles`
  MODIFY `roleId` int(11) NOT NULL AUTO_INCREMENT, AUTO_INCREMENT=4;

--
-- AUTO_INCREMENT for table `users`
--
ALTER TABLE `users`
  MODIFY `userId` int(11) NOT NULL AUTO_INCREMENT, AUTO_INCREMENT=187;

--
-- AUTO_INCREMENT for table `user_messages`
--
ALTER TABLE `user_messages`
  MODIFY `userMessageId` int(11) NOT NULL AUTO_INCREMENT;

--
-- AUTO_INCREMENT for table `user_roles`
--
ALTER TABLE `user_roles`
  MODIFY `userRoleId` int(11) NOT NULL AUTO_INCREMENT, AUTO_INCREMENT=264;
COMMIT;

/*!40101 SET CHARACTER_SET_CLIENT=@OLD_CHARACTER_SET_CLIENT */;
/*!40101 SET CHARACTER_SET_RESULTS=@OLD_CHARACTER_SET_RESULTS */;
/*!40101 SET COLLATION_CONNECTION=@OLD_COLLATION_CONNECTION */;
